class,nuts3_id,nuts3_name,n,n_pos,prevalence,mean_pred,brier,pr_auc,skill
Agricultural Economic Loss,NL111,Oost-Groningen,22.0,0.0,0.0,0.2656592078518357,0.1102101465063968,,
Agricultural Economic Loss,NL112,Delfzijl en omgeving,21.0,0.0,0.0,0.40518721834018934,0.21132598083311954,,
Agricultural Economic Loss,NL113,Overig Groningen,22.0,0.0,0.0,0.3059583494006443,0.135677598428833,,
Agricultural Economic Loss,NL124,Noord-Friesland,22.0,0.0,0.0,0.4282299087530186,0.2326811462134323,,
Agricultural Economic Loss,NL125,Zuidwest-Friesland,22.0,0.0,0.0,0.18858419019708084,0.056530660238768134,,
Agricultural Economic Loss,NL126,Zuidoost-Friesland,21.0,0.0,0.0,0.23794779056569054,0.08931746913092413,,
Agricultural Economic Loss,NL131,Noord-Drenthe,22.0,0.0,0.0,0.3154402095318006,0.1460203358374053,,
Agricultural Economic Loss,NL132,Zuidoost-Drenthe,22.0,0.0,0.0,0.19181192301106806,0.0648259676704026,,
Agricultural Economic Loss,NL133,Zuidwest-Drenthe,22.0,0.0,0.0,0.25186893612932226,0.10169529669522061,,
Agricultural Economic Loss,NL211,Noord-Overijssel,22.0,0.0,0.0,0.30012211661426713,0.134709465978175,,
Agricultural Economic Loss,NL212,Zuidwest-Overijssel,22.0,0.0,0.0,0.42705825671575504,0.2362697927778793,,
Agricultural Economic Loss,NL213,Twente,22.0,0.0,0.0,0.45906889467967,0.262861015008511,,
Agricultural Economic Loss,NL221,Veluwe,22.0,1.0,0.045454545454545456,0.49675706448841866,0.3211489479396267,,
Agricultural Economic Loss,NL224,Zuidwest-Gelderland,22.0,0.0,0.0,0.30381621046276047,0.14102798525982058,,
Agricultural Economic Loss,NL225,Achterhoek,22.0,3.0,0.13636363636363635,0.5425083592137199,0.34290839758393266,,
Agricultural Economic Loss,NL226,Arnhem/Nijmegen,22.0,0.0,0.0,0.4101084952208966,0.22205071649948166,,
Agricultural Economic Loss,NL230,Flevoland,22.0,0.0,0.0,0.3280072694661683,0.15458564160638677,,
Agricultural Economic Loss,NL310,Utrecht,22.0,1.0,0.045454545454545456,0.3012896068107624,0.12073187183334416,,
Agricultural Economic Loss,NL321,Kop van Noord-Holland,22.0,2.0,0.09090909090909091,0.4205345652160853,0.20493102880636532,,
Agricultural Economic Loss,NL323,IJmond,22.0,0.0,0.0,0.20144411622362376,0.06601237254529989,,
Agricultural Economic Loss,NL324,Agglomeratie Haarlem,22.0,0.0,0.0,0.22366683611830168,0.08175656906208467,,
Agricultural Economic Loss,NL325,Zaanstreek,22.0,0.0,0.0,0.2031803810931991,0.06901782488674796,,
Agricultural Economic Loss,NL327,Het Gooi en Vechtstreek,21.0,0.0,0.0,0.3516999636644706,0.1722324692008551,,
Agricultural Economic Loss,NL328,Alkmaar en omgeving,22.0,1.0,0.045454545454545456,0.2976829670227594,0.16634085829297043,,
Agricultural Economic Loss,NL329,Groot-Amsterdam,22.0,3.0,0.13636363636363635,0.27586881685952874,0.12461583817969091,,
Agricultural Economic Loss,NL332,Agglomeratie ’s-Gravenhage,22.0,0.0,0.0,0.22699896743610568,0.08359233576822135,,
Agricultural Economic Loss,NL333,Delft en Westland,22.0,0.0,0.0,0.3734487740380495,0.19060029321106065,,
Agricultural Economic Loss,NL337,Agglomeratie Leiden en Bollenstreek,22.0,0.0,0.0,0.2592289641091635,0.10475107405567773,,
Agricultural Economic Loss,NL33A,Zuidoost-Zuid-Holland,22.0,0.0,0.0,0.3035178732515555,0.14030980726202516,,
Agricultural Economic Loss,NL33B,Oost-Zuid-Holland,22.0,0.0,0.0,0.1792753219500998,0.05607079817482315,,
Agricultural Economic Loss,NL33C,Groot-Rijnmond,22.0,1.0,0.045454545454545456,0.5388918704525371,0.3065257413198618,,
Agricultural Economic Loss,NL341,Zeeuwsch-Vlaanderen,22.0,7.0,0.3181818181818182,0.5925243097221711,0.2805272361457722,0.5253501400560224,0.20716832187420425
Agricultural Economic Loss,NL342,Overig Zeeland,22.0,9.0,0.4090909090909091,0.5583029223913956,0.23616119630805307,0.7324955908289243,0.32340468173801523
Agricultural Economic Loss,NL411,West-Noord-Brabant,22.0,0.0,0.0,0.4896526001032878,0.291824188569598,,
Agricultural Economic Loss,NL412,Midden-Noord-Brabant,22.0,0.0,0.0,0.4307560123317019,0.24027253227637368,,
Agricultural Economic Loss,NL413,Noordoost-Noord-Brabant,22.0,1.0,0.045454545454545456,0.48484626136091274,0.2544827748266447,,
Agricultural Economic Loss,NL414,Zuidoost-Noord-Brabant,22.0,0.0,0.0,0.4963904989363001,0.2974188075771003,,
Agricultural Economic Loss,NL421,Noord-Limburg,22.0,1.0,0.045454545454545456,0.5354863833746671,0.2985228025999407,,
Agricultural Economic Loss,NL422,Midden-Limburg,22.0,1.0,0.045454545454545456,0.5240944081606609,0.2882147775685793,,
Agricultural Economic Loss,NL423,Zuid-Limburg,22.0,1.0,0.045454545454545456,0.5365588234126982,0.30051562108518737,,
Crop Failure & Yield Reduction,NL111,Oost-Groningen,22.0,1.0,0.045454545454545456,0.37015827411221663,0.20076736561778938,,
Crop Failure & Yield Reduction,NL112,Delfzijl en omgeving,21.0,0.0,0.0,0.4721121406672912,0.26211883216009857,,
Crop Failure & Yield Reduction,NL113,Overig Groningen,22.0,0.0,0.0,0.39138531258883674,0.19321790568355912,,
Crop Failure & Yield Reduction,NL124,Noord-Friesland,22.0,4.0,0.18181818181818182,0.48301783833134704,0.19790079704428615,,
Crop Failure & Yield Reduction,NL125,Zuidwest-Friesland,22.0,1.0,0.045454545454545456,0.2601785529996145,0.08922978934336577,,
Crop Failure & Yield Reduction,NL126,Zuidoost-Friesland,21.0,0.0,0.0,0.3060030160022416,0.12520223471331776,,
Crop Failure & Yield Reduction,NL131,Noord-Drenthe,22.0,0.0,0.0,0.39438807261290426,0.19642994145167855,,
Crop Failure & Yield Reduction,NL132,Zuidoost-Drenthe,22.0,1.0,0.045454545454545456,0.25330791240437456,0.1013720770026508,,
Crop Failure & Yield Reduction,NL133,Zuidwest-Drenthe,22.0,1.0,0.045454545454545456,0.33355714988802726,0.16161737269541224,,
Crop Failure & Yield Reduction,NL211,Noord-Overijssel,22.0,1.0,0.045454545454545456,0.36282372163819,0.14935147800987786,,
Crop Failure & Yield Reduction,NL212,Zuidwest-Overijssel,22.0,1.0,0.045454545454545456,0.5103062242113149,0.27126691117043755,,
Crop Failure & Yield Reduction,NL213,Twente,22.0,3.0,0.13636363636363635,0.5628195677059359,0.28258014876886056,,
Crop Failure & Yield Reduction,NL221,Veluwe,22.0,3.0,0.13636363636363635,0.5862277802198149,0.339044886909655,,
Crop Failure & Yield Reduction,NL224,Zuidwest-Gelderland,22.0,1.0,0.045454545454545456,0.36051112905025184,0.15449215581583295,,
Crop Failure & Yield Reduction,NL225,Achterhoek,22.0,3.0,0.13636363636363635,0.5603499114894913,0.2695315875551598,,
Crop Failure & Yield Reduction,NL226,Arnhem/Nijmegen,22.0,4.0,0.18181818181818182,0.4390138133649355,0.14131506613268227,,
Crop Failure & Yield Reduction,NL230,Flevoland,22.0,0.0,0.0,0.4040674855002193,0.20199803045034745,,
Crop Failure & Yield Reduction,NL310,Utrecht,22.0,3.0,0.13636363636363635,0.44155869121579366,0.17631990697629266,,
Crop Failure & Yield Reduction,NL321,Kop van Noord-Holland,22.0,3.0,0.13636363636363635,0.4123851572122174,0.16599319220598016,,
Crop Failure & Yield Reduction,NL323,IJmond,22.0,1.0,0.045454545454545456,0.1778166998784187,0.05423541354594792,,
Crop Failure & Yield Reduction,NL324,Agglomeratie Haarlem,22.0,1.0,0.045454545454545456,0.15603098811567573,0.046639263444419134,,
Crop Failure & Yield Reduction,NL325,Zaanstreek,22.0,1.0,0.045454545454545456,0.2071742640617841,0.06686550154847694,,
Crop Failure & Yield Reduction,NL327,Het Gooi en Vechtstreek,21.0,1.0,0.047619047619047616,0.3952018881794893,0.17476330628506337,,
Crop Failure & Yield Reduction,NL328,Alkmaar en omgeving,22.0,2.0,0.09090909090909091,0.3569245699394022,0.1808345264308283,,
Crop Failure & Yield Reduction,NL329,Groot-Amsterdam,22.0,6.0,0.2727272727272727,0.38228313641307426,0.12167917428644368,0.9055555555555554,0.6328282828282827
Crop Failure & Yield Reduction,NL332,Agglomeratie ’s-Gravenhage,22.0,3.0,0.13636363636363635,0.28003024473670174,0.13626567501634257,,
Crop Failure & Yield Reduction,NL333,Delft en Westland,22.0,8.0,0.36363636363636365,0.3663628072481258,0.25777029592031014,0.45729243344374926,0.09365606980738561
Crop Failure & Yield Reduction,NL337,Agglomeratie Leiden en Bollenstreek,22.0,1.0,0.045454545454545456,0.32141623079918624,0.12164021409134934,,
Crop Failure & Yield Reduction,NL33A,Zuidoost-Zuid-Holland,22.0,2.0,0.09090909090909091,0.3593535115457222,0.14721314387152454,,
Crop Failure & Yield Reduction,NL33B,Oost-Zuid-Holland,22.0,3.0,0.13636363636363635,0.21709056617957453,0.1439317621580697,,
Crop Failure & Yield Reduction,NL33C,Groot-Rijnmond,22.0,5.0,0.22727272727272727,0.6217973677446135,0.27034731915491145,0.81,0.5827272727272728
Crop Failure & Yield Reduction,NL341,Zeeuwsch-Vlaanderen,22.0,11.0,0.5,0.5992303735045131,0.2372842107665942,0.7934496059496059,0.2934496059496059
Crop Failure & Yield Reduction,NL342,Overig Zeeland,22.0,13.0,0.5909090909090909,0.5510275711378086,0.2401166736149756,0.8054291861984169,0.21452009528932592
Crop Failure & Yield Reduction,NL411,West-Noord-Brabant,22.0,7.0,0.3181818181818182,0.600306581584925,0.23558172207130615,0.8174603174603174,0.49927849927849927
Crop Failure & Yield Reduction,NL412,Midden-Noord-Brabant,22.0,6.0,0.2727272727272727,0.5389661284636967,0.2022662139790123,0.861111111111111,0.5883838383838383
Crop Failure & Yield Reduction,NL413,Noordoost-Noord-Brabant,22.0,8.0,0.36363636363636365,0.5730245473651124,0.2332589996329627,0.8102571770334928,0.4466208133971291
Crop Failure & Yield Reduction,NL414,Zuidoost-Noord-Brabant,22.0,7.0,0.3181818181818182,0.5836762761806207,0.22281296879631513,0.8091836734693876,0.4910018552875694
Crop Failure & Yield Reduction,NL421,Noord-Limburg,22.0,4.0,0.18181818181818182,0.505211599089761,0.19182961817226937,,
Crop Failure & Yield Reduction,NL422,Midden-Limburg,22.0,3.0,0.13636363636363635,0.4983554056243683,0.22006699251182174,,
Crop Failure & Yield Reduction,NL423,Zuid-Limburg,22.0,5.0,0.22727272727272727,0.4260966890932384,0.16347281074115355,0.6476190476190475,0.42034632034632025
Forest Dieback & Vegetation Stress,NL111,Oost-Groningen,22.0,1.0,0.045454545454545456,0.22271284087874885,0.08967621271400694,,
Forest Dieback & Vegetation Stress,NL112,Delfzijl en omgeving,21.0,1.0,0.047619047619047616,0.22560031668394448,0.09130919692632071,,
Forest Dieback & Vegetation Stress,NL113,Overig Groningen,22.0,1.0,0.045454545454545456,0.23817676187109307,0.09849346890074696,,
Forest Dieback & Vegetation Stress,NL124,Noord-Friesland,22.0,3.0,0.13636363636363635,0.29501499975469503,0.15619528775645297,,
Forest Dieback & Vegetation Stress,NL125,Zuidwest-Friesland,22.0,2.0,0.09090909090909091,0.16682048372089667,0.09986058206714375,,
Forest Dieback & Vegetation Stress,NL126,Zuidoost-Friesland,21.0,3.0,0.14285714285714285,0.2184870801101501,0.129053058395511,,
Forest Dieback & Vegetation Stress,NL131,Noord-Drenthe,22.0,3.0,0.13636363636363635,0.29270827842161723,0.12124284035315071,,
Forest Dieback & Vegetation Stress,NL132,Zuidoost-Drenthe,22.0,0.0,0.0,0.14949137567249438,0.030488996682520284,,
Forest Dieback & Vegetation Stress,NL133,Zuidwest-Drenthe,22.0,1.0,0.045454545454545456,0.22016082763475175,0.09195118223254406,,
Forest Dieback & Vegetation Stress,NL211,Noord-Overijssel,22.0,4.0,0.18181818181818182,0.2959504964389265,0.127735196340178,,
Forest Dieback & Vegetation Stress,NL212,Zuidwest-Overijssel,22.0,3.0,0.13636363636363635,0.5513254872211976,0.2844290971586194,,
Forest Dieback & Vegetation Stress,NL213,Twente,22.0,4.0,0.18181818181818182,0.5529136134958983,0.2723006706770953,,
Forest Dieback & Vegetation Stress,NL221,Veluwe,22.0,8.0,0.36363636363636365,0.6725060750288387,0.29323123113578276,0.5401251526251526,0.17648878898878895
Forest Dieback & Vegetation Stress,NL224,Zuidwest-Gelderland,22.0,2.0,0.09090909090909091,0.31895980263175655,0.12001285243962805,,
Forest Dieback & Vegetation Stress,NL225,Achterhoek,22.0,4.0,0.18181818181818182,0.6390646353031668,0.38960998200923774,,
Forest Dieback & Vegetation Stress,NL226,Arnhem/Nijmegen,22.0,2.0,0.09090909090909091,0.5545011514589371,0.2852698337950022,,
Forest Dieback & Vegetation Stress,NL230,Flevoland,22.0,0.0,0.0,0.22829046450489185,0.06598561788152761,,
Forest Dieback & Vegetation Stress,NL310,Utrecht,22.0,3.0,0.13636363636363635,0.5551213870028163,0.2880013917463192,,
Forest Dieback & Vegetation Stress,NL321,Kop van Noord-Holland,22.0,3.0,0.13636363636363635,0.25143898975749795,0.1260964129535219,,
Forest Dieback & Vegetation Stress,NL323,IJmond,22.0,0.0,0.0,0.14781654854793974,0.028977699465470953,,
Forest Dieback & Vegetation Stress,NL324,Agglomeratie Haarlem,22.0,1.0,0.045454545454545456,0.15842377825223888,0.059720252848375566,,
Forest Dieback & Vegetation Stress,NL325,Zaanstreek,22.0,0.0,0.0,0.10432765748707165,0.014876070676096751,,
Forest Dieback & Vegetation Stress,NL327,Het Gooi en Vechtstreek,21.0,0.0,0.0,0.32013424397985757,0.1228117807692659,,
Forest Dieback & Vegetation Stress,NL328,Alkmaar en omgeving,22.0,0.0,0.0,0.2330959941368545,0.06829251929616782,,
Forest Dieback & Vegetation Stress,NL329,Groot-Amsterdam,22.0,3.0,0.13636363636363635,0.32730149528037517,0.1883246049299691,,
Forest Dieback & Vegetation Stress,NL332,Agglomeratie ’s-Gravenhage,22.0,1.0,0.045454545454545456,0.17632005456408642,0.07010011608822016,,
Forest Dieback & Vegetation Stress,NL333,Delft en Westland,22.0,1.0,0.045454545454545456,0.21895994396611043,0.09557482762549192,,
Forest Dieback & Vegetation Stress,NL337,Agglomeratie Leiden en Bollenstreek,22.0,1.0,0.045454545454545456,0.30369498092129216,0.11317919903995377,,
Forest Dieback & Vegetation Stress,NL33A,Zuidoost-Zuid-Holland,22.0,1.0,0.045454545454545456,0.269020200531274,0.11972737923171595,,
Forest Dieback & Vegetation Stress,NL33B,Oost-Zuid-Holland,22.0,3.0,0.13636363636363635,0.1399793121821446,0.1273317911211816,,
Forest Dieback & Vegetation Stress,NL33C,Groot-Rijnmond,22.0,0.0,0.0,0.42123543614813747,0.20241023535875377,,
Forest Dieback & Vegetation Stress,NL341,Zeeuwsch-Vlaanderen,22.0,2.0,0.09090909090909091,0.2857176917215084,0.14312180670567962,,
Forest Dieback & Vegetation Stress,NL342,Overig Zeeland,22.0,1.0,0.045454545454545456,0.2543247214573594,0.09172799816617835,,
Forest Dieback & Vegetation Stress,NL411,West-Noord-Brabant,22.0,9.0,0.4090909090909091,0.5837553896034463,0.2528071616292494,0.6134439634439635,0.20435305435305434
Forest Dieback & Vegetation Stress,NL412,Midden-Noord-Brabant,22.0,5.0,0.22727272727272727,0.5982065672595244,0.3433616748208372,0.4002164502164502,0.17294372294372293
Forest Dieback & Vegetation Stress,NL413,Noordoost-Noord-Brabant,22.0,8.0,0.36363636363636365,0.7000054032858714,0.36830862116540575,0.45564362108479756,0.09200725744843391
Forest Dieback & Vegetation Stress,NL414,Zuidoost-Noord-Brabant,22.0,4.0,0.18181818181818182,0.6953643301477519,0.42151896037807995,,
Forest Dieback & Vegetation Stress,NL421,Noord-Limburg,22.0,2.0,0.09090909090909091,0.6041932425028634,0.34392150325495446,,
Forest Dieback & Vegetation Stress,NL422,Midden-Limburg,22.0,2.0,0.09090909090909091,0.5927995822241393,0.33108782048996077,,
Forest Dieback & Vegetation Stress,NL423,Zuid-Limburg,22.0,2.0,0.09090909090909091,0.5156974165427837,0.2904002365702222,,
Freshwater Ecosystem Degradation,NL111,Oost-Groningen,22.0,4.0,0.18181818181818182,0.305149221163798,0.17742269240492003,,
Freshwater Ecosystem Degradation,NL112,Delfzijl en omgeving,21.0,2.0,0.09523809523809523,0.3553220419765529,0.15515201655619565,,
Freshwater Ecosystem Degradation,NL113,Overig Groningen,22.0,2.0,0.09090909090909091,0.35688764977576765,0.15651146909656088,,
Freshwater Ecosystem Degradation,NL124,Noord-Friesland,22.0,2.0,0.09090909090909091,0.42247125891553927,0.20756085321178597,,
Freshwater Ecosystem Degradation,NL125,Zuidwest-Friesland,22.0,3.0,0.13636363636363635,0.29566290905667764,0.14167742603281328,,
Freshwater Ecosystem Degradation,NL126,Zuidoost-Friesland,21.0,3.0,0.14285714285714285,0.3276938065845472,0.16076425974031036,,
Freshwater Ecosystem Degradation,NL131,Noord-Drenthe,22.0,3.0,0.13636363636363635,0.40382787311614776,0.1842509652659853,,
Freshwater Ecosystem Degradation,NL132,Zuidoost-Drenthe,22.0,0.0,0.0,0.24515801737703805,0.07178570363178623,,
Freshwater Ecosystem Degradation,NL133,Zuidwest-Drenthe,22.0,1.0,0.045454545454545456,0.32329382814923086,0.12396322579528313,,
Freshwater Ecosystem Degradation,NL211,Noord-Overijssel,22.0,4.0,0.18181818181818182,0.43937614723001306,0.2222840443696368,,
Freshwater Ecosystem Degradation,NL212,Zuidwest-Overijssel,22.0,1.0,0.045454545454545456,0.6321764663122109,0.4101650431899733,,
Freshwater Ecosystem Degradation,NL213,Twente,22.0,3.0,0.13636363636363635,0.6739196873487798,0.4459617086981778,,
Freshwater Ecosystem Degradation,NL221,Veluwe,22.0,1.0,0.045454545454545456,0.713857225433573,0.5027115005042313,,
Freshwater Ecosystem Degradation,NL224,Zuidwest-Gelderland,22.0,1.0,0.045454545454545456,0.3797309546147813,0.18942463616493369,,
Freshwater Ecosystem Degradation,NL225,Achterhoek,22.0,3.0,0.13636363636363635,0.6129091968964281,0.3665836563225835,,
Freshwater Ecosystem Degradation,NL226,Arnhem/Nijmegen,22.0,2.0,0.09090909090909091,0.5140503879374819,0.27165707026148794,,
Freshwater Ecosystem Degradation,NL230,Flevoland,22.0,2.0,0.09090909090909091,0.3966968258061094,0.21256878506502372,,
Freshwater Ecosystem Degradation,NL310,Utrecht,22.0,6.0,0.2727272727272727,0.6213000369145534,0.34159893924962736,0.3143939393939394,0.041666666666666685
Freshwater Ecosystem Degradation,NL321,Kop van Noord-Holland,22.0,2.0,0.09090909090909091,0.4168093868573024,0.18755457968021502,,
Freshwater Ecosystem Degradation,NL323,IJmond,22.0,2.0,0.09090909090909091,0.367348973280183,0.18569053723662599,,
Freshwater Ecosystem Degradation,NL324,Agglomeratie Haarlem,22.0,2.0,0.09090909090909091,0.4579039041762371,0.2177351753893328,,
Freshwater Ecosystem Degradation,NL325,Zaanstreek,22.0,2.0,0.09090909090909091,0.33904441706771415,0.16859505567553607,,
Freshwater Ecosystem Degradation,NL327,Het Gooi en Vechtstreek,21.0,1.0,0.047619047619047616,0.4675693919669027,0.236615831524708,,
Freshwater Ecosystem Degradation,NL328,Alkmaar en omgeving,22.0,1.0,0.045454545454545456,0.38635012313172135,0.17258316088427436,,
Freshwater Ecosystem Degradation,NL329,Groot-Amsterdam,22.0,2.0,0.09090909090909091,0.5182571485561283,0.2758278884812801,,
Freshwater Ecosystem Degradation,NL332,Agglomeratie ’s-Gravenhage,22.0,2.0,0.09090909090909091,0.33947090039415434,0.1737103684618919,,
Freshwater Ecosystem Degradation,NL333,Delft en Westland,22.0,3.0,0.13636363636363635,0.4730179465678065,0.24445140355318665,,
Freshwater Ecosystem Degradation,NL337,Agglomeratie Leiden en Bollenstreek,22.0,1.0,0.045454545454545456,0.5401104444207973,0.31301332640587426,,
Freshwater Ecosystem Degradation,NL33A,Zuidoost-Zuid-Holland,22.0,2.0,0.09090909090909091,0.49676457619651065,0.2733948739418896,,
Freshwater Ecosystem Degradation,NL33B,Oost-Zuid-Holland,22.0,1.0,0.045454545454545456,0.3549803110493183,0.1556414373143415,,
Freshwater Ecosystem Degradation,NL33C,Groot-Rijnmond,22.0,1.0,0.045454545454545456,0.5943857193992378,0.36314577174087587,,
Freshwater Ecosystem Degradation,NL341,Zeeuwsch-Vlaanderen,22.0,0.0,0.0,0.4908706351990871,0.2681844936756232,,
Freshwater Ecosystem Degradation,NL342,Overig Zeeland,22.0,3.0,0.13636363636363635,0.4728402884628455,0.25163783232002995,,
Freshwater Ecosystem Degradation,NL411,West-Noord-Brabant,22.0,5.0,0.22727272727272727,0.6901871845124727,0.3878568647759335,0.3160101010101011,0.08873737373737381
Freshwater Ecosystem Degradation,NL412,Midden-Noord-Brabant,22.0,6.0,0.2727272727272727,0.7022838244863079,0.4020243151089559,0.2972402597402597,0.024512987012986986
Freshwater Ecosystem Degradation,NL413,Noordoost-Noord-Brabant,22.0,7.0,0.3181818181818182,0.7335847562521647,0.4021049220912582,0.3269507803121249,0.008768962130306701
Freshwater Ecosystem Degradation,NL414,Zuidoost-Noord-Brabant,22.0,6.0,0.2727272727272727,0.7823457663977376,0.4739568970365509,0.3035894660894661,0.03086219336219337
Freshwater Ecosystem Degradation,NL421,Noord-Limburg,22.0,3.0,0.13636363636363635,0.5932615884330088,0.32150561932888655,,
Freshwater Ecosystem Degradation,NL422,Midden-Limburg,22.0,5.0,0.22727272727272727,0.6021826131589733,0.3109852003650566,0.43369218500797446,0.2064194577352472
Freshwater Ecosystem Degradation,NL423,Zuid-Limburg,22.0,4.0,0.18181818181818182,0.4698518324296285,0.21275871066561958,,
Groundwater Depletion,NL111,Oost-Groningen,22.0,1.0,0.045454545454545456,0.3804597989666582,0.19573002072351509,,
Groundwater Depletion,NL112,Delfzijl en omgeving,21.0,0.0,0.0,0.40094415577996806,0.1985788027133244,,
Groundwater Depletion,NL113,Overig Groningen,22.0,0.0,0.0,0.354709653320773,0.16197716361748796,,
Groundwater Depletion,NL124,Noord-Friesland,22.0,4.0,0.18181818181818182,0.39702031043931446,0.14591466901106742,,
Groundwater Depletion,NL125,Zuidwest-Friesland,22.0,1.0,0.045454545454545456,0.2604226245446865,0.1194451241201022,,
Groundwater Depletion,NL126,Zuidoost-Friesland,21.0,2.0,0.09523809523809523,0.37610044496347056,0.17023162914979095,,
Groundwater Depletion,NL131,Noord-Drenthe,22.0,1.0,0.045454545454545456,0.5406260956853377,0.33354285776054177,,
Groundwater Depletion,NL132,Zuidoost-Drenthe,22.0,0.0,0.0,0.2890106399217465,0.11762495628137098,,
Groundwater Depletion,NL133,Zuidwest-Drenthe,22.0,0.0,0.0,0.4177491692163536,0.21768136803399496,,
Groundwater Depletion,NL211,Noord-Overijssel,22.0,3.0,0.13636363636363635,0.3708954184517135,0.12966384870080122,,
Groundwater Depletion,NL212,Zuidwest-Overijssel,22.0,1.0,0.045454545454545456,0.6551210316167038,0.4229353168380294,,
Groundwater Depletion,NL213,Twente,22.0,3.0,0.13636363636363635,0.738700925175927,0.4727684933019976,,
Groundwater Depletion,NL221,Veluwe,22.0,2.0,0.09090909090909091,0.7502294849878073,0.5070366230427764,,
Groundwater Depletion,NL224,Zuidwest-Gelderland,22.0,3.0,0.13636363636363635,0.40701915266527794,0.2319491122489027,,
Groundwater Depletion,NL225,Achterhoek,22.0,5.0,0.22727272727272727,0.6440516818099238,0.3285268573655504,0.5469172932330828,0.3196445659603555
Groundwater Depletion,NL226,Arnhem/Nijmegen,22.0,3.0,0.13636363636363635,0.5207234215889899,0.36215449801492594,,
Groundwater Depletion,NL230,Flevoland,22.0,4.0,0.18181818181818182,0.40139218839468743,0.2534222826572845,,
Groundwater Depletion,NL310,Utrecht,22.0,1.0,0.045454545454545456,0.5390683894169112,0.297617850800772,,
Groundwater Depletion,NL321,Kop van Noord-Holland,22.0,1.0,0.045454545454545456,0.3226260775256014,0.16690472207030085,,
Groundwater Depletion,NL323,IJmond,22.0,0.0,0.0,0.26277342585726593,0.0969940805086495,,
Groundwater Depletion,NL324,Agglomeratie Haarlem,22.0,1.0,0.045454545454545456,0.2710197965499914,0.1435098672498741,,
Groundwater Depletion,NL325,Zaanstreek,22.0,1.0,0.045454545454545456,0.17411093840356515,0.0898188600737464,,
Groundwater Depletion,NL327,Het Gooi en Vechtstreek,21.0,0.0,0.0,0.40024205314611855,0.19940718952467115,,
Groundwater Depletion,NL328,Alkmaar en omgeving,22.0,0.0,0.0,0.36106377439156895,0.165970767928733,,
Groundwater Depletion,NL329,Groot-Amsterdam,22.0,2.0,0.09090909090909091,0.34810745161718165,0.2104080812074166,,
Groundwater Depletion,NL332,Agglomeratie ’s-Gravenhage,22.0,1.0,0.045454545454545456,0.2248965338187908,0.06852131903666413,,
Groundwater Depletion,NL333,Delft en Westland,22.0,3.0,0.13636363636363635,0.20792784960195124,0.0840450668399451,,
Groundwater Depletion,NL337,Agglomeratie Leiden en Bollenstreek,22.0,0.0,0.0,0.34084960238688583,0.15027574110278402,,
Groundwater Depletion,NL33A,Zuidoost-Zuid-Holland,22.0,1.0,0.045454545454545456,0.28430394915967927,0.12121185648810394,,
Groundwater Depletion,NL33B,Oost-Zuid-Holland,22.0,1.0,0.045454545454545456,0.20517529187684017,0.10122839645427999,,
Groundwater Depletion,NL33C,Groot-Rijnmond,22.0,4.0,0.18181818181818182,0.44761834815890905,0.22512708457357639,,
Groundwater Depletion,NL341,Zeeuwsch-Vlaanderen,22.0,2.0,0.09090909090909091,0.3958864442361365,0.21554703181628918,,
Groundwater Depletion,NL342,Overig Zeeland,22.0,2.0,0.09090909090909091,0.33835773369198047,0.18511830551378525,,
Groundwater Depletion,NL411,West-Noord-Brabant,22.0,9.0,0.4090909090909091,0.6137955715691821,0.24794374766885466,0.6314814814814815,0.22239057239057242
Groundwater Depletion,NL412,Midden-Noord-Brabant,22.0,9.0,0.4090909090909091,0.6308378607751531,0.25691063383721346,0.6846560846560847,0.2755651755651756
Groundwater Depletion,NL413,Noordoost-Noord-Brabant,22.0,9.0,0.4090909090909091,0.6853259788086835,0.2852139213402056,0.6714285714285715,0.26233766233766237
Groundwater Depletion,NL414,Zuidoost-Noord-Brabant,22.0,10.0,0.45454545454545453,0.7384587809921587,0.32371418132194985,0.65504329004329,0.20049783549783545
Groundwater Depletion,NL421,Noord-Limburg,22.0,2.0,0.09090909090909091,0.5513935742456958,0.3203845254346543,,
Groundwater Depletion,NL422,Midden-Limburg,22.0,2.0,0.09090909090909091,0.5174600001017412,0.2910332645529195,,
Groundwater Depletion,NL423,Zuid-Limburg,22.0,2.0,0.09090909090909091,0.37152655673194146,0.18139013277729588,,
Irrigation Shortage,NL111,Oost-Groningen,22.0,0.0,0.0,0.27572884567592476,0.10013916079447403,,
Irrigation Shortage,NL112,Delfzijl en omgeving,21.0,0.0,0.0,0.5402500538931295,0.3230923385953524,,
Irrigation Shortage,NL113,Overig Groningen,22.0,0.0,0.0,0.3634222695395848,0.16326375981972158,,
Irrigation Shortage,NL124,Noord-Friesland,22.0,1.0,0.045454545454545456,0.5413118035633425,0.301361413331713,,
Irrigation Shortage,NL125,Zuidwest-Friesland,22.0,1.0,0.045454545454545456,0.16859690468221541,0.05403771768533692,,
Irrigation Shortage,NL126,Zuidoost-Friesland,21.0,0.0,0.0,0.2113149376367162,0.0610360147334794,,
Irrigation Shortage,NL131,Noord-Drenthe,22.0,0.0,0.0,0.41229988101596243,0.20487139411732178,,
Irrigation Shortage,NL132,Zuidoost-Drenthe,22.0,0.0,0.0,0.14113304812837463,0.02972806163272967,,
Irrigation Shortage,NL133,Zuidwest-Drenthe,22.0,0.0,0.0,0.2519512778163431,0.08601734640833106,,
Irrigation Shortage,NL211,Noord-Overijssel,22.0,1.0,0.045454545454545456,0.2967636196404554,0.10489155523089759,,
Irrigation Shortage,NL212,Zuidwest-Overijssel,22.0,1.0,0.045454545454545456,0.5231255725785782,0.2801335672532601,,
Irrigation Shortage,NL213,Twente,22.0,1.0,0.045454545454545456,0.6416081227731161,0.40673339269669545,,
Irrigation Shortage,NL221,Veluwe,22.0,1.0,0.045454545454545456,0.607122994934466,0.3779049571795048,,
Irrigation Shortage,NL224,Zuidwest-Gelderland,22.0,0.0,0.0,0.5531154499654641,0.34171380835108583,,
Irrigation Shortage,NL225,Achterhoek,22.0,1.0,0.045454545454545456,0.676141450285614,0.4491681883443507,,
Irrigation Shortage,NL226,Arnhem/Nijmegen,22.0,1.0,0.045454545454545456,0.5927411361410365,0.3531365765073412,,
Irrigation Shortage,NL230,Flevoland,22.0,1.0,0.045454545454545456,0.5014387710532325,0.2724067180929144,,
Irrigation Shortage,NL310,Utrecht,22.0,1.0,0.045454545454545456,0.3770793332719689,0.16127574162039424,,
Irrigation Shortage,NL321,Kop van Noord-Holland,22.0,2.0,0.09090909090909091,0.5146183660116236,0.25899695979691856,,
Irrigation Shortage,NL323,IJmond,22.0,2.0,0.09090909090909091,0.2455976317283138,0.09868125324923865,,
Irrigation Shortage,NL324,Agglomeratie Haarlem,22.0,2.0,0.09090909090909091,0.2606823053784575,0.09974244846794698,,
Irrigation Shortage,NL325,Zaanstreek,22.0,2.0,0.09090909090909091,0.1889660194902082,0.08674266047614954,,
Irrigation Shortage,NL327,Het Gooi en Vechtstreek,21.0,2.0,0.09523809523809523,0.3663388695734852,0.15257474133148255,,
Irrigation Shortage,NL328,Alkmaar en omgeving,22.0,2.0,0.09090909090909091,0.32611845707319415,0.13298048509671243,,
Irrigation Shortage,NL329,Groot-Amsterdam,22.0,5.0,0.22727272727272727,0.311512441386538,0.1393331313508831,0.6190476190476191,0.3917748917748918
Irrigation Shortage,NL332,Agglomeratie ’s-Gravenhage,22.0,1.0,0.045454545454545456,0.1995612732348614,0.05728407694393018,,
Irrigation Shortage,NL333,Delft en Westland,22.0,3.0,0.13636363636363635,0.2813226199379946,0.14470290776452543,,
Irrigation Shortage,NL337,Agglomeratie Leiden en Bollenstreek,22.0,1.0,0.045454545454545456,0.20849774834111443,0.06146455916363141,,
Irrigation Shortage,NL33A,Zuidoost-Zuid-Holland,22.0,1.0,0.045454545454545456,0.4476685470657547,0.2135681708583159,,
Irrigation Shortage,NL33B,Oost-Zuid-Holland,22.0,1.0,0.045454545454545456,0.17621407586217236,0.05562252667868919,,
Irrigation Shortage,NL33C,Groot-Rijnmond,22.0,3.0,0.13636363636363635,0.7496513598623126,0.49489356707180376,,
Irrigation Shortage,NL341,Zeeuwsch-Vlaanderen,22.0,10.0,0.45454545454545453,0.8064393336892048,0.36049067449302574,0.6113595228301111,0.15681406828465655
Irrigation Shortage,NL342,Overig Zeeland,22.0,13.0,0.5909090909090909,0.7611581743156222,0.27296742376209343,0.7894736240711471,0.19856453316205613
Irrigation Shortage,NL411,West-Noord-Brabant,22.0,3.0,0.13636363636363635,0.5967129713752655,0.30278110341643544,,
Irrigation Shortage,NL412,Midden-Noord-Brabant,22.0,3.0,0.13636363636363635,0.4984592816405795,0.2186942220594329,,
Irrigation Shortage,NL413,Noordoost-Noord-Brabant,22.0,3.0,0.13636363636363635,0.5502779916545062,0.26162579737793873,,
Irrigation Shortage,NL414,Zuidoost-Noord-Brabant,22.0,6.0,0.2727272727272727,0.5289037794619577,0.24033654358240367,0.5436026936026936,0.27087542087542094
Irrigation Shortage,NL421,Noord-Limburg,22.0,1.0,0.045454545454545456,0.5572934748951126,0.31555137689318113,,
Irrigation Shortage,NL422,Midden-Limburg,22.0,1.0,0.045454545454545456,0.5240651031730095,0.28818702932811063,,
Irrigation Shortage,NL423,Zuid-Limburg,22.0,1.0,0.045454545454545456,0.5575872414841424,0.3207369618814301,,
Reservoir & Surface Water Shortage,NL111,Oost-Groningen,22.0,0.0,0.0,0.22022465667874644,0.0834200384723323,,
Reservoir & Surface Water Shortage,NL112,Delfzijl en omgeving,21.0,0.0,0.0,0.305260900448101,0.13616182142092437,,
Reservoir & Surface Water Shortage,NL113,Overig Groningen,22.0,0.0,0.0,0.2816314476167245,0.12218648405397031,,
Reservoir & Surface Water Shortage,NL124,Noord-Friesland,22.0,2.0,0.09090909090909091,0.367715005774657,0.15636795079140414,,
Reservoir & Surface Water Shortage,NL125,Zuidwest-Friesland,22.0,2.0,0.09090909090909091,0.23873816354143565,0.11250274408973676,,
Reservoir & Surface Water Shortage,NL126,Zuidoost-Friesland,21.0,1.0,0.047619047619047616,0.22384186551858523,0.09786783458167873,,
Reservoir & Surface Water Shortage,NL131,Noord-Drenthe,22.0,1.0,0.045454545454545456,0.26701569695364763,0.09984275272915161,,
Reservoir & Surface Water Shortage,NL132,Zuidoost-Drenthe,22.0,1.0,0.045454545454545456,0.16077391416128248,0.05214089036498319,,
Reservoir & Surface Water Shortage,NL133,Zuidwest-Drenthe,22.0,1.0,0.045454545454545456,0.20876235661908948,0.07115653501712497,,
Reservoir & Surface Water Shortage,NL211,Noord-Overijssel,22.0,1.0,0.045454545454545456,0.28819613868381233,0.1192718106848356,,
Reservoir & Surface Water Shortage,NL212,Zuidwest-Overijssel,22.0,1.0,0.045454545454545456,0.39181625440122475,0.2353604802254129,,
Reservoir & Surface Water Shortage,NL213,Twente,22.0,3.0,0.13636363636363635,0.4442424844859765,0.24237231381692076,,
Reservoir & Surface Water Shortage,NL221,Veluwe,22.0,1.0,0.045454545454545456,0.4462473500943958,0.2432618617628682,,
Reservoir & Surface Water Shortage,NL224,Zuidwest-Gelderland,22.0,1.0,0.045454545454545456,0.32027436008414084,0.1918398335588279,,
Reservoir & Surface Water Shortage,NL225,Achterhoek,22.0,2.0,0.09090909090909091,0.45044711167144647,0.230711171216596,,
Reservoir & Surface Water Shortage,NL226,Arnhem/Nijmegen,22.0,2.0,0.09090909090909091,0.39640821410892646,0.17843626643639646,,
Reservoir & Surface Water Shortage,NL230,Flevoland,22.0,2.0,0.09090909090909091,0.29658284929264744,0.1701484605337966,,
Reservoir & Surface Water Shortage,NL310,Utrecht,22.0,3.0,0.13636363636363635,0.4107743784016973,0.22347770855934135,,
Reservoir & Surface Water Shortage,NL321,Kop van Noord-Holland,22.0,4.0,0.18181818181818182,0.3665717475447278,0.1477798610277044,,
Reservoir & Surface Water Shortage,NL323,IJmond,22.0,3.0,0.13636363636363635,0.24985356516799093,0.09776527880904404,,
Reservoir & Surface Water Shortage,NL324,Agglomeratie Haarlem,22.0,4.0,0.18181818181818182,0.2751359428833616,0.09727719025459763,,
Reservoir & Surface Water Shortage,NL325,Zaanstreek,22.0,3.0,0.13636363636363635,0.2362461399696332,0.09532938048376048,,
Reservoir & Surface Water Shortage,NL327,Het Gooi en Vechtstreek,21.0,4.0,0.19047619047619047,0.3330423457052484,0.12310690168729306,,
Reservoir & Surface Water Shortage,NL328,Alkmaar en omgeving,22.0,3.0,0.13636363636363635,0.28555542911124576,0.10688526525572685,,
Reservoir & Surface Water Shortage,NL329,Groot-Amsterdam,22.0,5.0,0.22727272727272727,0.3559999986566248,0.1683184274827103,0.45606060606060606,0.2287878787878788
Reservoir & Surface Water Shortage,NL332,Agglomeratie ’s-Gravenhage,22.0,3.0,0.13636363636363635,0.23533358855770253,0.12894410905016204,,
Reservoir & Surface Water Shortage,NL333,Delft en Westland,22.0,2.0,0.09090909090909091,0.3377794651786287,0.18330449399343546,,
Reservoir & Surface Water Shortage,NL337,Agglomeratie Leiden en Bollenstreek,22.0,1.0,0.045454545454545456,0.3269218638556992,0.1329665499006915,,
Reservoir & Surface Water Shortage,NL33A,Zuidoost-Zuid-Holland,22.0,3.0,0.13636363636363635,0.364006913939396,0.18434308652596834,,
Reservoir & Surface Water Shortage,NL33B,Oost-Zuid-Holland,22.0,3.0,0.13636363636363635,0.23797987245957186,0.11717041610430684,,
Reservoir & Surface Water Shortage,NL33C,Groot-Rijnmond,22.0,3.0,0.13636363636363635,0.4542898399131023,0.22401201022869174,,
Reservoir & Surface Water Shortage,NL341,Zeeuwsch-Vlaanderen,22.0,5.0,0.22727272727272727,0.42372174570747045,0.16034597096165765,0.5866666666666666,0.35939393939393927
Reservoir & Surface Water Shortage,NL342,Overig Zeeland,22.0,5.0,0.22727272727272727,0.3897751769470485,0.19135328964215634,0.45882352941176463,0.23155080213903736
Reservoir & Surface Water Shortage,NL411,West-Noord-Brabant,22.0,1.0,0.045454545454545456,0.44818081404744725,0.2959646610073807,,
Reservoir & Surface Water Shortage,NL412,Midden-Noord-Brabant,22.0,0.0,0.0,0.4260110610397614,0.24355250500632586,,
Reservoir & Surface Water Shortage,NL413,Noordoost-Noord-Brabant,22.0,1.0,0.045454545454545456,0.45276241087431274,0.25250953927009206,,
Reservoir & Surface Water Shortage,NL414,Zuidoost-Noord-Brabant,22.0,1.0,0.045454545454545456,0.46028691214271505,0.2790378097167076,,
Reservoir & Surface Water Shortage,NL421,Noord-Limburg,22.0,2.0,0.09090909090909091,0.3921855350028304,0.1655987241939221,,
Reservoir & Surface Water Shortage,NL422,Midden-Limburg,22.0,4.0,0.18181818181818182,0.4202894012356179,0.25941214373685106,,
Reservoir & Surface Water Shortage,NL423,Zuid-Limburg,22.0,3.0,0.13636363636363635,0.3394316470865454,0.14387645286681808,,
Water Supply & Sanitation Issues,NL111,Oost-Groningen,22.0,4.0,0.18181818181818182,0.5435353922565365,0.24597585920235554,,
Water Supply & Sanitation Issues,NL112,Delfzijl en omgeving,21.0,4.0,0.19047619047619047,0.494724156663619,0.21380324248740562,,
Water Supply & Sanitation Issues,NL113,Overig Groningen,22.0,4.0,0.18181818181818182,0.5270236124708361,0.23428709918421117,,
Water Supply & Sanitation Issues,NL124,Noord-Friesland,22.0,3.0,0.13636363636363635,0.5056641316986176,0.26187761525898107,,
Water Supply & Sanitation Issues,NL125,Zuidwest-Friesland,22.0,1.0,0.045454545454545456,0.5131641436276984,0.2688959515063952,,
Water Supply & Sanitation Issues,NL126,Zuidoost-Friesland,21.0,1.0,0.047619047619047616,0.5046483448945311,0.27952409975780695,,
Water Supply & Sanitation Issues,NL131,Noord-Drenthe,22.0,1.0,0.045454545454545456,0.5010993305516807,0.2679543287293777,,
Water Supply & Sanitation Issues,NL132,Zuidoost-Drenthe,22.0,2.0,0.09090909090909091,0.5111684508295196,0.26673604252806277,,
Water Supply & Sanitation Issues,NL133,Zuidwest-Drenthe,22.0,1.0,0.045454545454545456,0.5199304420614431,0.28076279929775133,,
Water Supply & Sanitation Issues,NL211,Noord-Overijssel,22.0,3.0,0.13636363636363635,0.6170134394373883,0.33510439923348023,,
Water Supply & Sanitation Issues,NL212,Zuidwest-Overijssel,22.0,3.0,0.13636363636363635,0.6612524632530644,0.38124884123369346,,
Water Supply & Sanitation Issues,NL213,Twente,22.0,5.0,0.22727272727272727,0.7127207625568419,0.3855741894904623,0.45460317460317456,0.2273304473304473
Water Supply & Sanitation Issues,NL221,Veluwe,22.0,4.0,0.18181818181818182,0.6932364064937343,0.40933363155570746,,
Water Supply & Sanitation Issues,NL224,Zuidwest-Gelderland,22.0,2.0,0.09090909090909091,0.610269516713326,0.35514077293797336,,
Water Supply & Sanitation Issues,NL225,Achterhoek,22.0,6.0,0.2727272727272727,0.6758865067304503,0.3449581292926002,0.5574074074074075,0.28468013468013476
Water Supply & Sanitation Issues,NL226,Arnhem/Nijmegen,22.0,3.0,0.13636363636363635,0.6541593685487774,0.37546341036022074,,
Water Supply & Sanitation Issues,NL230,Flevoland,22.0,1.0,0.045454545454545456,0.5576354228566166,0.34082341899638186,,
Water Supply & Sanitation Issues,NL310,Utrecht,22.0,6.0,0.2727272727272727,0.7420548714974835,0.41119647505872653,0.3966750841750842,0.12394781144781147
Water Supply & Sanitation Issues,NL321,Kop van Noord-Holland,22.0,1.0,0.045454545454545456,0.5199781422948174,0.27792757462017453,,
Water Supply & Sanitation Issues,NL323,IJmond,22.0,1.0,0.045454545454545456,0.5020436846879641,0.2628468360270047,,
Water Supply & Sanitation Issues,NL324,Agglomeratie Haarlem,22.0,1.0,0.045454545454545456,0.5007116762706558,0.25951389691212645,,
Water Supply & Sanitation Issues,NL325,Zaanstreek,22.0,1.0,0.045454545454545456,0.5161249856115124,0.2739211470057731,,
Water Supply & Sanitation Issues,NL327,Het Gooi en Vechtstreek,21.0,1.0,0.047619047619047616,0.5812032486385166,0.33939667150222635,,
Water Supply & Sanitation Issues,NL328,Alkmaar en omgeving,22.0,1.0,0.045454545454545456,0.5757320940440412,0.3332236441652316,,
Water Supply & Sanitation Issues,NL329,Groot-Amsterdam,22.0,6.0,0.2727272727272727,0.6566624442677989,0.29382326042971557,0.6097222222222222,0.33699494949494946
Water Supply & Sanitation Issues,NL332,Agglomeratie ’s-Gravenhage,22.0,1.0,0.045454545454545456,0.5897493766222506,0.34559184087152156,,
Water Supply & Sanitation Issues,NL333,Delft en Westland,22.0,1.0,0.045454545454545456,0.5773370845305905,0.3324285574586641,,
Water Supply & Sanitation Issues,NL337,Agglomeratie Leiden en Bollenstreek,22.0,1.0,0.045454545454545456,0.642805155768294,0.4061933358033913,,
Water Supply & Sanitation Issues,NL33A,Zuidoost-Zuid-Holland,22.0,1.0,0.045454545454545456,0.6145248633579665,0.37415669490107406,,
Water Supply & Sanitation Issues,NL33B,Oost-Zuid-Holland,22.0,1.0,0.045454545454545456,0.5715059559322642,0.32714493164833736,,
Water Supply & Sanitation Issues,NL33C,Groot-Rijnmond,22.0,1.0,0.045454545454545456,0.6122938747285573,0.37058866252463696,,
Water Supply & Sanitation Issues,NL341,Zeeuwsch-Vlaanderen,22.0,2.0,0.09090909090909091,0.4725444746628496,0.25280623013993647,,
Water Supply & Sanitation Issues,NL342,Overig Zeeland,22.0,2.0,0.09090909090909091,0.5197531790385223,0.28627935436119434,,
Water Supply & Sanitation Issues,NL411,West-Noord-Brabant,22.0,5.0,0.22727272727272727,0.664828599644061,0.39484088851742405,0.2393207282913165,0.012048001018589244
Water Supply & Sanitation Issues,NL412,Midden-Noord-Brabant,22.0,4.0,0.18181818181818182,0.6855331592357589,0.4429670991472097,,
Water Supply & Sanitation Issues,NL413,Noordoost-Noord-Brabant,22.0,4.0,0.18181818181818182,0.7488060407996265,0.5027030606049793,,
Water Supply & Sanitation Issues,NL414,Zuidoost-Noord-Brabant,22.0,4.0,0.18181818181818182,0.6956360848146713,0.45241568921149394,,
Water Supply & Sanitation Issues,NL421,Noord-Limburg,22.0,0.0,0.0,0.6302261109127225,0.4141531701882174,,
Water Supply & Sanitation Issues,NL422,Midden-Limburg,22.0,6.0,0.2727272727272727,0.6319100116118231,0.3606666593354496,0.329032139171458,0.05630486644418531
Water Supply & Sanitation Issues,NL423,Zuid-Limburg,22.0,1.0,0.045454545454545456,0.42094359109450036,0.20646775016266447,,
Water Use Restrictions,NL111,Oost-Groningen,22.0,1.0,0.045454545454545456,0.2680641475140695,0.1349406142920596,,
Water Use Restrictions,NL112,Delfzijl en omgeving,21.0,1.0,0.047619047619047616,0.28158843076026485,0.14176552716180252,,
Water Use Restrictions,NL113,Overig Groningen,22.0,1.0,0.045454545454545456,0.2686678721422387,0.13374731667145257,,
Water Use Restrictions,NL124,Noord-Friesland,22.0,0.0,0.0,0.3387747390381224,0.16768153772249114,,
Water Use Restrictions,NL125,Zuidwest-Friesland,22.0,1.0,0.045454545454545456,0.20722818524137523,0.06685436663108937,,
Water Use Restrictions,NL126,Zuidoost-Friesland,21.0,0.0,0.0,0.2718130589564877,0.11578206861611211,,
Water Use Restrictions,NL131,Noord-Drenthe,22.0,1.0,0.045454545454545456,0.3340034334693076,0.15253561916177208,,
Water Use Restrictions,NL132,Zuidoost-Drenthe,22.0,0.0,0.0,0.22755108132054538,0.08749404137023697,,
Water Use Restrictions,NL133,Zuidwest-Drenthe,22.0,0.0,0.0,0.2857626937341548,0.12783515650918928,,
Water Use Restrictions,NL211,Noord-Overijssel,22.0,2.0,0.09090909090909091,0.3184461995188476,0.11857531947645544,,
Water Use Restrictions,NL212,Zuidwest-Overijssel,22.0,1.0,0.045454545454545456,0.48633232951492195,0.2688139901916177,,
Water Use Restrictions,NL213,Twente,22.0,2.0,0.09090909090909091,0.4825597781305435,0.2445437573503009,,
Water Use Restrictions,NL221,Veluwe,22.0,2.0,0.09090909090909091,0.57189847324693,0.31960054552064904,,
Water Use Restrictions,NL224,Zuidwest-Gelderland,22.0,2.0,0.09090909090909091,0.34346646083075344,0.13035339774892785,,
Water Use Restrictions,NL225,Achterhoek,22.0,3.0,0.13636363636363635,0.5121307719650903,0.23235701079973986,,
Water Use Restrictions,NL226,Arnhem/Nijmegen,22.0,2.0,0.09090909090909091,0.4297024370724488,0.23254075960709375,,
Water Use Restrictions,NL230,Flevoland,22.0,2.0,0.09090909090909091,0.26980751865868935,0.10948511444735591,,
Water Use Restrictions,NL310,Utrecht,22.0,2.0,0.09090909090909091,0.4260756688045071,0.2543388080793085,,
Water Use Restrictions,NL321,Kop van Noord-Holland,22.0,3.0,0.13636363636363635,0.3129127762246718,0.1799760144255116,,
Water Use Restrictions,NL323,IJmond,22.0,0.0,0.0,0.24588513351411906,0.09579041555656519,,
Water Use Restrictions,NL324,Agglomeratie Haarlem,22.0,0.0,0.0,0.2869755432235148,0.1276621363009381,,
Water Use Restrictions,NL325,Zaanstreek,22.0,1.0,0.045454545454545456,0.1813140497344083,0.06939674673230042,,
Water Use Restrictions,NL327,Het Gooi en Vechtstreek,21.0,0.0,0.0,0.3371548586788117,0.16589261830313365,,
Water Use Restrictions,NL328,Alkmaar en omgeving,22.0,0.0,0.0,0.2930078769377525,0.12812162395798923,,
Water Use Restrictions,NL329,Groot-Amsterdam,22.0,0.0,0.0,0.2863067886080192,0.1262737479524307,,
Water Use Restrictions,NL332,Agglomeratie ’s-Gravenhage,22.0,0.0,0.0,0.22479928555976017,0.08145040189921404,,
Water Use Restrictions,NL333,Delft en Westland,22.0,0.0,0.0,0.27107408133417865,0.11481198785952912,,
Water Use Restrictions,NL337,Agglomeratie Leiden en Bollenstreek,22.0,0.0,0.0,0.31238544148784747,0.14480301686867622,,
Water Use Restrictions,NL33A,Zuidoost-Zuid-Holland,22.0,0.0,0.0,0.28985629318713496,0.13287032479512625,,
Water Use Restrictions,NL33B,Oost-Zuid-Holland,22.0,0.0,0.0,0.19710806610928688,0.06582755756341506,,
Water Use Restrictions,NL33C,Groot-Rijnmond,22.0,0.0,0.0,0.38432288501390705,0.20623627984909126,,
Water Use Restrictions,NL341,Zeeuwsch-Vlaanderen,22.0,0.0,0.0,0.36161738173173164,0.18572850167544513,,
Water Use Restrictions,NL342,Overig Zeeland,22.0,1.0,0.045454545454545456,0.3177451970727951,0.13390349341359575,,
Water Use Restrictions,NL411,West-Noord-Brabant,22.0,4.0,0.18181818181818182,0.4628998625151823,0.2265435521750449,,
Water Use Restrictions,NL412,Midden-Noord-Brabant,22.0,4.0,0.18181818181818182,0.47899933219835805,0.2361750709443437,,
Water Use Restrictions,NL413,Noordoost-Noord-Brabant,22.0,4.0,0.18181818181818182,0.54462918213498,0.2904592006901595,,
Water Use Restrictions,NL414,Zuidoost-Noord-Brabant,22.0,5.0,0.22727272727272727,0.5693271280352462,0.2762274953570436,0.7859649122807018,0.5586921850079745
Water Use Restrictions,NL421,Noord-Limburg,22.0,2.0,0.09090909090909091,0.49253882997960086,0.2468724033551296,,
Water Use Restrictions,NL422,Midden-Limburg,22.0,1.0,0.045454545454545456,0.4850121815273255,0.27334760516947026,,
Water Use Restrictions,NL423,Zuid-Limburg,22.0,1.0,0.045454545454545456,0.4372173944821523,0.2299004420632004,,
Wildfire Occurrence,NL111,Oost-Groningen,22.0,0.0,0.0,0.1731973330948836,0.04645925959256028,,
Wildfire Occurrence,NL112,Delfzijl en omgeving,21.0,0.0,0.0,0.09083360125350909,0.014984686400146153,,
Wildfire Occurrence,NL113,Overig Groningen,22.0,0.0,0.0,0.1563871712385152,0.039998875642876804,,
Wildfire Occurrence,NL124,Noord-Friesland,22.0,1.0,0.045454545454545456,0.1825188849027579,0.08601131400783728,,
Wildfire Occurrence,NL125,Zuidwest-Friesland,22.0,1.0,0.045454545454545456,0.10902657831193893,0.060225212758593945,,
Wildfire Occurrence,NL126,Zuidoost-Friesland,21.0,1.0,0.047619047619047616,0.16526977212514854,0.08257862486601737,,
Wildfire Occurrence,NL131,Noord-Drenthe,22.0,0.0,0.0,0.1883515955715235,0.053955736406088854,,
Wildfire Occurrence,NL132,Zuidoost-Drenthe,22.0,0.0,0.0,0.13406052442539432,0.02784091418338851,,
Wildfire Occurrence,NL133,Zuidwest-Drenthe,22.0,0.0,0.0,0.18748950516934773,0.052994401525113505,,
Wildfire Occurrence,NL211,Noord-Overijssel,22.0,0.0,0.0,0.2815679445733807,0.10903867907323526,,
Wildfire Occurrence,NL212,Zuidwest-Overijssel,22.0,0.0,0.0,0.39385572909614586,0.19626350610384422,,
Wildfire Occurrence,NL213,Twente,22.0,2.0,0.09090909090909091,0.5326274434309948,0.3455124223675928,,
Wildfire Occurrence,NL221,Veluwe,22.0,2.0,0.09090909090909091,0.4218784269604674,0.2244271162929067,,
Wildfire Occurrence,NL224,Zuidwest-Gelderland,22.0,0.0,0.0,0.23030451009524852,0.08140493105735963,,
Wildfire Occurrence,NL225,Achterhoek,22.0,0.0,0.0,0.457823173733118,0.2552376317817896,,
Wildfire Occurrence,NL226,Arnhem/Nijmegen,22.0,0.0,0.0,0.34509134241461203,0.16010341330812475,,
Wildfire Occurrence,NL230,Flevoland,22.0,0.0,0.0,0.10876328640220621,0.021860057165160623,,
Wildfire Occurrence,NL310,Utrecht,22.0,2.0,0.09090909090909091,0.3712551157329976,0.19184812137263324,,
Wildfire Occurrence,NL321,Kop van Noord-Holland,22.0,0.0,0.0,0.23255895321006087,0.08535796208009588,,
Wildfire Occurrence,NL323,IJmond,22.0,0.0,0.0,0.1036740322732051,0.022162715892994345,,
Wildfire Occurrence,NL324,Agglomeratie Haarlem,22.0,0.0,0.0,0.1412482494062209,0.03670355592400331,,
Wildfire Occurrence,NL325,Zaanstreek,22.0,0.0,0.0,0.0679961646331398,0.009881703432456668,,
Wildfire Occurrence,NL327,Het Gooi en Vechtstreek,21.0,0.0,0.0,0.270614670783944,0.10663871348478106,,
Wildfire Occurrence,NL328,Alkmaar en omgeving,22.0,0.0,0.0,0.13902137494169453,0.03642243616165507,,
Wildfire Occurrence,NL329,Groot-Amsterdam,22.0,1.0,0.045454545454545456,0.17967604428796846,0.0922087745656427,,
Wildfire Occurrence,NL332,Agglomeratie ’s-Gravenhage,22.0,0.0,0.0,0.19362262177355205,0.06102978231593471,,
Wildfire Occurrence,NL333,Delft en Westland,22.0,3.0,0.13636363636363635,0.4888142989788644,0.26688885448317046,,
Wildfire Occurrence,NL337,Agglomeratie Leiden en Bollenstreek,22.0,0.0,0.0,0.29986126124226475,0.12711442969003958,,
Wildfire Occurrence,NL33A,Zuidoost-Zuid-Holland,22.0,0.0,0.0,0.17891614332047892,0.051288131543824035,,
Wildfire Occurrence,NL33B,Oost-Zuid-Holland,22.0,0.0,0.0,0.08497743785029967,0.014331380177915538,,
Wildfire Occurrence,NL33C,Groot-Rijnmond,22.0,0.0,0.0,0.2657124935706296,0.10112602656342853,,
Wildfire Occurrence,NL341,Zeeuwsch-Vlaanderen,22.0,2.0,0.09090909090909091,0.18330817193721058,0.12050127894147532,,
Wildfire Occurrence,NL342,Overig Zeeland,22.0,0.0,0.0,0.20774390358660638,0.06603019659696097,,
Wildfire Occurrence,NL411,West-Noord-Brabant,22.0,0.0,0.0,0.46616669770271124,0.26352824045285783,,
Wildfire Occurrence,NL412,Midden-Noord-Brabant,22.0,0.0,0.0,0.5108881273284402,0.31057352582625897,,
Wildfire Occurrence,NL413,Noordoost-Noord-Brabant,22.0,1.0,0.045454545454545456,0.547364173813182,0.32675188701014457,,
Wildfire Occurrence,NL414,Zuidoost-Noord-Brabant,22.0,3.0,0.13636363636363635,0.5682770845144478,0.3215288371305361,,
Wildfire Occurrence,NL421,Noord-Limburg,22.0,2.0,0.09090909090909091,0.44839688605400563,0.23762051944154736,,
Wildfire Occurrence,NL422,Midden-Limburg,22.0,2.0,0.09090909090909091,0.45970349182553155,0.25929164253587844,,
Wildfire Occurrence,NL423,Zuid-Limburg,22.0,1.0,0.045454545454545456,0.4457270187545051,0.23379056241149004,,
