trial,state,macro_pr_auc_h1,model,n_features,feature_groups,group_subsets,subset_meteo,subset_static_pop,subset_static_elev,subset_static_soil,param_use_meteo,param_meteo_subset,param_use_temporal,param_use_static_land,param_use_static_pop,param_use_static_elev,param_elev_subset,param_use_static_soil,param_soil_subset,param_use_class_lag,param_C,param_l1_ratio,subset_temporal,subset_static_land,subset_class_lag,param_temporal_subset,param_land_subset,param_class_lag_subset,param_max_depth,param_n_estimators,param_min_samples_leaf,param_iterations,param_depth,param_learning_rate,param_l2_leaf_reg,param_subsample,param_colsample_bytree
90,TrialState.PRUNED,0.40220642405478674,logistic_regression,17,"meteo,temporal,static_pop","{""meteo"": ""all"", ""static_pop"": ""all"", ""temporal"": ""seasonality""}",all,all,,,True,all,True,False,True,False,,False,,False,0.004565028106852689,,seasonality,,,seasonality,,,,,,,,,,,
63,TrialState.PRUNED,0.39490675700717687,xgboost,41,"meteo,temporal,static_elev,static_soil,class_lag","{""class_lag"": ""all"", ""meteo"": ""spei_only"", ""static_elev"": ""both"", ""static_soil"": ""all"", ""temporal"": ""both""}",spei_only,,both,all,True,spei_only,True,False,False,True,both,True,all,True,,,both,,all,both,,all,3.0,600.0,,,,0.05789466683700095,,0.6833971836500716,0.60982132597352
54,TrialState.PRUNED,0.3875091967132254,xgboost,32,"meteo,temporal,static_elev,static_soil,class_lag","{""class_lag"": ""fire"", ""meteo"": ""spei_only"", ""static_elev"": ""both"", ""static_soil"": ""all"", ""temporal"": ""both""}",spei_only,,both,all,True,spei_only,True,False,False,True,both,True,all,True,,,both,,fire,both,,fire,5.0,150.0,,,,0.07530546490675967,,0.9958855185529398,0.5803360808225271
55,TrialState.PRUNED,0.3848711343107186,xgboost,24,"meteo,temporal,static_elev,static_soil,class_lag","{""class_lag"": ""all"", ""meteo"": ""spei_only"", ""static_elev"": ""both"", ""static_soil"": ""sand_podzol"", ""temporal"": ""persistence""}",spei_only,,both,sand_podzol,True,spei_only,True,False,False,True,both,True,sand_podzol,True,,,persistence,,all,persistence,,all,3.0,350.0,,,,0.03902204982714366,,0.5901352921260243,0.6680777370223772
80,TrialState.PRUNED,0.3843910623795803,logistic_regression,7,"meteo,static_pop,static_elev,static_soil","{""meteo"": ""aux_only"", ""static_elev"": ""mean_only"", ""static_pop"": ""all"", ""static_soil"": ""sand_podzol""}",aux_only,all,mean_only,sand_podzol,True,aux_only,False,False,True,True,mean_only,True,sand_podzol,False,0.033836402198449654,,,,,,,,,,,,,,,,
46,TrialState.PRUNED,0.3834569124484644,xgboost,22,"meteo,temporal,static_land,static_soil,class_lag","{""class_lag"": ""all"", ""meteo"": ""spei_only"", ""static_land"": ""crop_tree"", ""static_soil"": ""dominant_only"", ""temporal"": ""persistence""}",spei_only,,,dominant_only,True,spei_only,True,True,False,False,,True,dominant_only,True,,,persistence,crop_tree,all,persistence,crop_tree,all,3.0,150.0,,,,0.04854925421885662,,0.5548118634182864,0.5024897105454804
50,TrialState.PRUNED,0.38274941601463,xgboost,22,"meteo,temporal,static_elev,class_lag","{""class_lag"": ""all"", ""meteo"": ""long"", ""static_elev"": ""std_only"", ""temporal"": ""both""}",long,,std_only,,True,long,True,False,False,True,std_only,False,,True,,,both,,all,both,,all,10.0,200.0,,,,0.17762800816598132,,0.6322089095542753,0.6086620861026063
47,TrialState.PRUNED,0.3718074186768325,logistic_regression,32,"temporal,static_pop,static_elev,static_soil,class_lag","{""class_lag"": ""all"", ""static_elev"": ""std_only"", ""static_pop"": ""all"", ""static_soil"": ""all"", ""temporal"": ""seasonality""}",,all,std_only,all,False,,True,False,True,True,std_only,True,all,True,0.042570226887240464,,seasonality,,all,seasonality,,all,,,,,,,,,
36,TrialState.PRUNED,0.3714657099474205,catboost,13,"meteo,temporal,static_elev","{""meteo"": ""spi_only"", ""static_elev"": ""both"", ""temporal"": ""both""}",spi_only,,both,,True,spi_only,True,False,False,True,both,False,,False,,,both,,,both,,,,,,600.0,2.0,0.12194937720533718,1.1096822597869167,,
60,TrialState.PRUNED,0.3708946817183919,xgboost,22,"meteo,temporal,static_elev,class_lag","{""class_lag"": ""all"", ""meteo"": ""spei_only"", ""static_elev"": ""std_only"", ""temporal"": ""both""}",spei_only,,std_only,,True,spei_only,True,False,False,True,std_only,False,,True,,,both,,all,both,,all,5.0,350.0,,,,0.031163018110574245,,0.6104875544522775,0.6724772840799348
25,TrialState.PRUNED,0.3633917865492834,random_forest,40,"meteo,temporal,static_elev,static_soil,class_lag","{""class_lag"": ""water"", ""meteo"": ""indices_only"", ""static_elev"": ""both"", ""static_soil"": ""all"", ""temporal"": ""both""}",indices_only,,both,all,True,indices_only,True,False,False,True,both,True,all,True,,,both,,water,both,,water,7.0,500.0,23.0,,,,,,
30,TrialState.PRUNED,0.3596640996304673,random_forest,15,"meteo,temporal,static_elev,static_soil,class_lag","{""class_lag"": ""fire"", ""meteo"": ""spei_only"", ""static_elev"": ""both"", ""static_soil"": ""dominant_only"", ""temporal"": ""both""}",spei_only,,both,dominant_only,True,spei_only,True,False,False,True,both,True,dominant_only,True,,,both,,fire,both,,fire,9.0,200.0,25.0,,,,,,
70,TrialState.PRUNED,0.358856389838246,logistic_regression,16,"meteo,temporal,static_land,static_soil,class_lag","{""class_lag"": ""agriculture"", ""meteo"": ""aux_only"", ""static_land"": ""all"", ""static_soil"": ""clay_loam"", ""temporal"": ""persistence""}",aux_only,,,clay_loam,True,aux_only,True,True,False,False,,True,clay_loam,True,2.090477541315082,,persistence,all,agriculture,persistence,all,agriculture,,,,,,,,,
77,TrialState.PRUNED,0.35443473933280795,logistic_regression,10,"meteo,temporal,static_elev,class_lag","{""class_lag"": ""agriculture"", ""meteo"": ""aux_only"", ""static_elev"": ""mean_only"", ""temporal"": ""both""}",aux_only,,mean_only,,True,aux_only,True,False,False,True,mean_only,False,,True,0.045589350538947526,,both,,agriculture,both,,agriculture,,,,,,,,,
45,TrialState.PRUNED,0.34734268060190954,elastic_net,15,"meteo,temporal,static_elev,static_soil","{""meteo"": ""spei_only"", ""static_elev"": ""std_only"", ""static_soil"": ""sand_podzol"", ""temporal"": ""both""}",spei_only,,std_only,sand_podzol,True,spei_only,True,False,False,True,std_only,True,sand_podzol,False,0.8129516744173548,0.5368095513435602,both,,,both,,,,,,,,,,,
95,TrialState.COMPLETE,0.3279821699368137,logistic_regression,36,"meteo,temporal,static_pop,static_elev,static_soil","{""meteo"": ""all"", ""static_elev"": ""mean_only"", ""static_pop"": ""all"", ""static_soil"": ""all"", ""temporal"": ""seasonality""}",all,all,mean_only,all,True,all,True,False,True,True,mean_only,True,all,False,0.017116947266545952,,seasonality,,,seasonality,,,,,,,,,,,
93,TrialState.COMPLETE,0.3279807755344105,logistic_regression,36,"meteo,temporal,static_pop,static_elev,static_soil","{""meteo"": ""all"", ""static_elev"": ""mean_only"", ""static_pop"": ""all"", ""static_soil"": ""all"", ""temporal"": ""seasonality""}",all,all,mean_only,all,True,all,True,False,True,True,mean_only,True,all,False,0.017006516868009396,,seasonality,,,seasonality,,,,,,,,,,,
94,TrialState.COMPLETE,0.3279587851813056,logistic_regression,36,"meteo,temporal,static_pop,static_elev,static_soil","{""meteo"": ""all"", ""static_elev"": ""mean_only"", ""static_pop"": ""all"", ""static_soil"": ""all"", ""temporal"": ""seasonality""}",all,all,mean_only,all,True,all,True,False,True,True,mean_only,True,all,False,0.01706157531543063,,seasonality,,,seasonality,,,,,,,,,,,
98,TrialState.COMPLETE,0.3278738295476338,logistic_regression,36,"meteo,temporal,static_pop,static_elev,static_soil","{""meteo"": ""all"", ""static_elev"": ""mean_only"", ""static_pop"": ""all"", ""static_soil"": ""all"", ""temporal"": ""seasonality""}",all,all,mean_only,all,True,all,True,False,True,True,mean_only,True,all,False,0.019957313708556683,,seasonality,,,seasonality,,,,,,,,,,,
96,TrialState.COMPLETE,0.32739594493355284,logistic_regression,36,"meteo,temporal,static_pop,static_elev,static_soil","{""meteo"": ""all"", ""static_elev"": ""mean_only"", ""static_pop"": ""all"", ""static_soil"": ""all"", ""temporal"": ""seasonality""}",all,all,mean_only,all,True,all,True,False,True,True,mean_only,True,all,False,0.015313156238238316,,seasonality,,,seasonality,,,,,,,,,,,
92,TrialState.COMPLETE,0.32697443272425564,logistic_regression,36,"meteo,temporal,static_pop,static_elev,static_soil","{""meteo"": ""all"", ""static_elev"": ""mean_only"", ""static_pop"": ""all"", ""static_soil"": ""all"", ""temporal"": ""seasonality""}",all,all,mean_only,all,True,all,True,False,True,True,mean_only,True,all,False,0.014642083899587889,,seasonality,,,seasonality,,,,,,,,,,,
83,TrialState.COMPLETE,0.32627064702074204,logistic_regression,25,"meteo,temporal,static_pop,static_elev,static_soil","{""meteo"": ""aux_only"", ""static_elev"": ""mean_only"", ""static_pop"": ""all"", ""static_soil"": ""all"", ""temporal"": ""both""}",aux_only,all,mean_only,all,True,aux_only,True,False,True,True,mean_only,True,all,False,0.008452775829443683,,both,,,both,,,,,,,,,,,
84,TrialState.COMPLETE,0.3259302951619917,logistic_regression,25,"meteo,temporal,static_pop,static_elev,static_soil","{""meteo"": ""aux_only"", ""static_elev"": ""mean_only"", ""static_pop"": ""all"", ""static_soil"": ""all"", ""temporal"": ""both""}",aux_only,all,mean_only,all,True,aux_only,True,False,True,True,mean_only,True,all,False,0.010079956432781662,,both,,,both,,,,,,,,,,,
85,TrialState.COMPLETE,0.3258255163077055,logistic_regression,25,"meteo,temporal,static_pop,static_elev,static_soil","{""meteo"": ""aux_only"", ""static_elev"": ""mean_only"", ""static_pop"": ""all"", ""static_soil"": ""all"", ""temporal"": ""both""}",aux_only,all,mean_only,all,True,aux_only,True,False,True,True,mean_only,True,all,False,0.010650364476153883,,both,,,both,,,,,,,,,,,
82,TrialState.COMPLETE,0.3254640802154657,logistic_regression,25,"meteo,temporal,static_pop,static_elev,static_soil","{""meteo"": ""aux_only"", ""static_elev"": ""mean_only"", ""static_pop"": ""all"", ""static_soil"": ""all"", ""temporal"": ""both""}",aux_only,all,mean_only,all,True,aux_only,True,False,True,True,mean_only,True,all,False,0.012587915344137713,,both,,,both,,,,,,,,,,,
86,TrialState.COMPLETE,0.32469502981428283,logistic_regression,37,"meteo,temporal,static_pop,static_elev,static_soil","{""meteo"": ""all"", ""static_elev"": ""mean_only"", ""static_pop"": ""all"", ""static_soil"": ""all"", ""temporal"": ""both""}",all,all,mean_only,all,True,all,True,False,True,True,mean_only,True,all,False,0.007932048718654487,,both,,,both,,,,,,,,,,,
88,TrialState.COMPLETE,0.3233720973807254,logistic_regression,36,"meteo,temporal,static_pop,static_elev,static_soil","{""meteo"": ""all"", ""static_elev"": ""mean_only"", ""static_pop"": ""all"", ""static_soil"": ""all"", ""temporal"": ""seasonality""}",all,all,mean_only,all,True,all,True,False,True,True,mean_only,True,all,False,0.008997619518591633,,seasonality,,,seasonality,,,,,,,,,,,
39,TrialState.PRUNED,0.32149526171926024,catboost,8,"temporal,static_pop,static_elev,static_soil","{""static_elev"": ""both"", ""static_pop"": ""all"", ""static_soil"": ""organic"", ""temporal"": ""both""}",,all,both,organic,False,,True,False,True,True,both,True,organic,False,,,both,,,both,,,,,,350.0,3.0,0.2983921403098939,6.785974097624748,,
79,TrialState.COMPLETE,0.3213099579261397,logistic_regression,25,"meteo,temporal,static_pop,static_elev,static_soil","{""meteo"": ""aux_only"", ""static_elev"": ""mean_only"", ""static_pop"": ""all"", ""static_soil"": ""all"", ""temporal"": ""both""}",aux_only,all,mean_only,all,True,aux_only,True,False,True,True,mean_only,True,all,False,0.04107078490887437,,both,,,both,,,,,,,,,,,
64,TrialState.COMPLETE,0.32066735591429996,xgboost,36,"meteo,temporal,static_elev,static_soil,class_lag","{""class_lag"": ""water"", ""meteo"": ""spei_only"", ""static_elev"": ""both"", ""static_soil"": ""all"", ""temporal"": ""both""}",spei_only,,both,all,True,spei_only,True,False,False,True,both,True,all,True,,,both,,water,both,,water,2.0,300.0,,,,0.04324782869789386,,0.7283897418627033,0.6816965506032672
87,TrialState.PRUNED,0.3205791439595568,logistic_regression,7,"temporal,static_land,static_pop,static_elev,static_soil","{""static_elev"": ""mean_only"", ""static_land"": ""crop_only"", ""static_pop"": ""all"", ""static_soil"": ""dominant_only"", ""temporal"": ""both""}",,all,mean_only,dominant_only,False,,True,True,True,True,mean_only,True,dominant_only,False,0.007760958829616178,,both,crop_only,,both,crop_only,,,,,,,,,,
67,TrialState.COMPLETE,0.31916942828377604,logistic_regression,34,"meteo,temporal,static_elev,static_soil,class_lag","{""class_lag"": ""agriculture"", ""meteo"": ""spei_only"", ""static_elev"": ""mean_only"", ""static_soil"": ""all"", ""temporal"": ""both""}",spei_only,,mean_only,all,True,spei_only,True,False,False,True,mean_only,True,all,True,2.7344705265984453,,both,,agriculture,both,,agriculture,,,,,,,,,
66,TrialState.COMPLETE,0.31886721952944075,logistic_regression,34,"meteo,temporal,static_elev,static_soil,class_lag","{""class_lag"": ""agriculture"", ""meteo"": ""spei_only"", ""static_elev"": ""mean_only"", ""static_soil"": ""all"", ""temporal"": ""both""}",spei_only,,mean_only,all,True,spei_only,True,False,False,True,mean_only,True,all,True,2.8785790296882205,,both,,agriculture,both,,agriculture,,,,,,,,,
51,TrialState.COMPLETE,0.3178318539431715,xgboost,32,"meteo,temporal,static_elev,static_soil,class_lag","{""class_lag"": ""fire"", ""meteo"": ""spei_only"", ""static_elev"": ""both"", ""static_soil"": ""all"", ""temporal"": ""both""}",spei_only,,both,all,True,spei_only,True,False,False,True,both,True,all,True,,,both,,fire,both,,fire,3.0,250.0,,,,0.03668078802673266,,0.641197370158635,0.6618329130107423
78,TrialState.COMPLETE,0.3176605574793358,logistic_regression,28,"meteo,temporal,static_elev,static_soil,class_lag","{""class_lag"": ""agriculture"", ""meteo"": ""aux_only"", ""static_elev"": ""mean_only"", ""static_soil"": ""all"", ""temporal"": ""both""}",aux_only,,mean_only,all,True,aux_only,True,False,False,True,mean_only,True,all,True,0.04300531321220463,,both,,agriculture,both,,agriculture,,,,,,,,,
81,TrialState.COMPLETE,0.3176137969841923,logistic_regression,25,"meteo,temporal,static_pop,static_elev,static_soil","{""meteo"": ""aux_only"", ""static_elev"": ""mean_only"", ""static_pop"": ""all"", ""static_soil"": ""all"", ""temporal"": ""both""}",aux_only,all,mean_only,all,True,aux_only,True,False,True,True,mean_only,True,all,False,0.10009610871615832,,both,,,both,,,,,,,,,,,
76,TrialState.COMPLETE,0.3170299534480727,logistic_regression,28,"meteo,temporal,static_elev,static_soil,class_lag","{""class_lag"": ""agriculture"", ""meteo"": ""aux_only"", ""static_elev"": ""mean_only"", ""static_soil"": ""all"", ""temporal"": ""both""}",aux_only,,mean_only,all,True,aux_only,True,False,False,True,mean_only,True,all,True,0.05393374060642003,,both,,agriculture,both,,agriculture,,,,,,,,,
44,TrialState.PRUNED,0.3166919731185144,xgboost,32,"temporal,static_pop,static_elev,static_soil,class_lag","{""class_lag"": ""all"", ""static_elev"": ""std_only"", ""static_pop"": ""all"", ""static_soil"": ""all"", ""temporal"": ""seasonality""}",,all,std_only,all,False,,True,False,True,True,std_only,True,all,True,,,seasonality,,all,seasonality,,all,4.0,200.0,,,,0.09128907366467993,,0.5483862059475827,0.5500918680874362
75,TrialState.COMPLETE,0.315657410264305,logistic_regression,28,"meteo,temporal,static_elev,static_soil,class_lag","{""class_lag"": ""agriculture"", ""meteo"": ""aux_only"", ""static_elev"": ""mean_only"", ""static_soil"": ""all"", ""temporal"": ""both""}",aux_only,,mean_only,all,True,aux_only,True,False,False,True,mean_only,True,all,True,0.0849522492930154,,both,,agriculture,both,,agriculture,,,,,,,,,
74,TrialState.COMPLETE,0.3141663783492551,logistic_regression,28,"meteo,temporal,static_elev,static_soil,class_lag","{""class_lag"": ""agriculture"", ""meteo"": ""aux_only"", ""static_elev"": ""mean_only"", ""static_soil"": ""all"", ""temporal"": ""both""}",aux_only,,mean_only,all,True,aux_only,True,False,False,True,mean_only,True,all,True,0.1534393914772704,,both,,agriculture,both,,agriculture,,,,,,,,,
41,TrialState.COMPLETE,0.3140372782209944,xgboost,41,"meteo,temporal,static_elev,static_soil,class_lag","{""class_lag"": ""all"", ""meteo"": ""spei_only"", ""static_elev"": ""both"", ""static_soil"": ""all"", ""temporal"": ""both""}",spei_only,,both,all,True,spei_only,True,False,False,True,both,True,all,True,,,both,,all,both,,all,3.0,250.0,,,,0.05540537487935847,,0.5747856399870069,0.6601658678320114
72,TrialState.COMPLETE,0.31390818992096914,logistic_regression,28,"meteo,temporal,static_elev,static_soil,class_lag","{""class_lag"": ""agriculture"", ""meteo"": ""aux_only"", ""static_elev"": ""mean_only"", ""static_soil"": ""all"", ""temporal"": ""both""}",aux_only,,mean_only,all,True,aux_only,True,False,False,True,mean_only,True,all,True,0.18907824547910523,,both,,agriculture,both,,agriculture,,,,,,,,,
73,TrialState.COMPLETE,0.31383288054556613,logistic_regression,28,"meteo,temporal,static_elev,static_soil,class_lag","{""class_lag"": ""agriculture"", ""meteo"": ""aux_only"", ""static_elev"": ""mean_only"", ""static_soil"": ""all"", ""temporal"": ""both""}",aux_only,,mean_only,all,True,aux_only,True,False,False,True,mean_only,True,all,True,0.19211831526430118,,both,,agriculture,both,,agriculture,,,,,,,,,
71,TrialState.COMPLETE,0.31353458481972746,logistic_regression,28,"meteo,temporal,static_elev,static_soil,class_lag","{""class_lag"": ""agriculture"", ""meteo"": ""aux_only"", ""static_elev"": ""mean_only"", ""static_soil"": ""all"", ""temporal"": ""both""}",aux_only,,mean_only,all,True,aux_only,True,False,False,True,mean_only,True,all,True,0.2541420519901309,,both,,agriculture,both,,agriculture,,,,,,,,,
69,TrialState.COMPLETE,0.31244607890060283,logistic_regression,28,"meteo,temporal,static_elev,static_soil,class_lag","{""class_lag"": ""agriculture"", ""meteo"": ""aux_only"", ""static_elev"": ""mean_only"", ""static_soil"": ""all"", ""temporal"": ""both""}",aux_only,,mean_only,all,True,aux_only,True,False,False,True,mean_only,True,all,True,2.1012675335481545,,both,,agriculture,both,,agriculture,,,,,,,,,
42,TrialState.COMPLETE,0.31178204464156667,xgboost,40,"meteo,temporal,static_elev,static_soil,class_lag","{""class_lag"": ""all"", ""meteo"": ""spei_only"", ""static_elev"": ""std_only"", ""static_soil"": ""all"", ""temporal"": ""both""}",spei_only,,std_only,all,True,spei_only,True,False,False,True,std_only,True,all,True,,,both,,all,both,,all,3.0,300.0,,,,0.06338837450044159,,0.554219616268514,0.6473639847831425
27,TrialState.COMPLETE,0.3112811943047078,xgboost,32,"meteo,temporal,static_elev,static_soil,class_lag","{""class_lag"": ""fire"", ""meteo"": ""spei_only"", ""static_elev"": ""both"", ""static_soil"": ""all"", ""temporal"": ""both""}",spei_only,,both,all,True,spei_only,True,False,False,True,both,True,all,True,,,both,,fire,both,,fire,4.0,200.0,,,,0.07480200382731177,,0.5740766439928151,0.5996070052305238
28,TrialState.COMPLETE,0.3107448939594273,xgboost,32,"meteo,temporal,static_elev,static_soil,class_lag","{""class_lag"": ""fire"", ""meteo"": ""spei_only"", ""static_elev"": ""both"", ""static_soil"": ""all"", ""temporal"": ""both""}",spei_only,,both,all,True,spei_only,True,False,False,True,both,True,all,True,,,both,,fire,both,,fire,4.0,200.0,,,,0.08997626156790225,,0.6501638089889348,0.5878943790722674
65,TrialState.COMPLETE,0.31031257833571074,xgboost,35,"meteo,temporal,static_elev,static_soil,class_lag","{""class_lag"": ""agriculture"", ""meteo"": ""spei_only"", ""static_elev"": ""both"", ""static_soil"": ""all"", ""temporal"": ""both""}",spei_only,,both,all,True,spei_only,True,False,False,True,both,True,all,True,,,both,,agriculture,both,,agriculture,3.0,300.0,,,,0.04308007385626577,,0.7275926490366217,0.5241334652687125
32,TrialState.COMPLETE,0.30907961740467915,xgboost,32,"meteo,temporal,static_elev,static_soil,class_lag","{""class_lag"": ""fire"", ""meteo"": ""spei_only"", ""static_elev"": ""both"", ""static_soil"": ""all"", ""temporal"": ""both""}",spei_only,,both,all,True,spei_only,True,False,False,True,both,True,all,True,,,both,,fire,both,,fire,3.0,200.0,,,,0.0652515525453609,,0.6476046393134158,0.6091804041312856
19,TrialState.COMPLETE,0.30886968368923146,xgboost,36,"meteo,temporal,static_elev,static_soil,class_lag","{""class_lag"": ""water"", ""meteo"": ""short"", ""static_elev"": ""both"", ""static_soil"": ""all"", ""temporal"": ""both""}",short,,both,all,True,short,True,False,False,True,both,True,all,True,,,both,,water,both,,water,2.0,250.0,,,,0.024392624797859714,,0.64378134431814,0.7137234708147073
43,TrialState.COMPLETE,0.3083048779216597,xgboost,40,"meteo,temporal,static_elev,static_soil,class_lag","{""class_lag"": ""all"", ""meteo"": ""spei_only"", ""static_elev"": ""std_only"", ""static_soil"": ""all"", ""temporal"": ""both""}",spei_only,,std_only,all,True,spei_only,True,False,False,True,std_only,True,all,True,,,both,,all,both,,all,3.0,300.0,,,,0.059934079881621805,,0.5596549684198087,0.6360523539682336
21,TrialState.COMPLETE,0.3081479175940288,xgboost,40,"meteo,temporal,static_elev,static_soil,class_lag","{""class_lag"": ""water"", ""meteo"": ""indices_only"", ""static_elev"": ""both"", ""static_soil"": ""all"", ""temporal"": ""both""}",indices_only,,both,all,True,indices_only,True,False,False,True,both,True,all,True,,,both,,water,both,,water,2.0,250.0,,,,0.026492316152723263,,0.598419353890525,0.7095975275331488
52,TrialState.COMPLETE,0.30808255880485147,xgboost,32,"meteo,temporal,static_elev,static_soil,class_lag","{""class_lag"": ""fire"", ""meteo"": ""spei_only"", ""static_elev"": ""both"", ""static_soil"": ""all"", ""temporal"": ""both""}",spei_only,,both,all,True,spei_only,True,False,False,True,both,True,all,True,,,both,,fire,both,,fire,3.0,250.0,,,,0.05211823495748469,,0.7078474435207136,0.6583076439613131
17,TrialState.COMPLETE,0.30700205318841534,xgboost,39,"meteo,temporal,static_elev,static_soil,class_lag","{""class_lag"": ""water"", ""meteo"": ""indices_only"", ""static_elev"": ""mean_only"", ""static_soil"": ""all"", ""temporal"": ""both""}",indices_only,,mean_only,all,True,indices_only,True,False,False,True,mean_only,True,all,True,,,both,,water,both,,water,2.0,350.0,,,,0.02229418844247789,,0.5162742569977913,0.7297939254023181
59,TrialState.COMPLETE,0.3065433114315337,xgboost,15,"meteo,temporal,static_elev,static_soil","{""meteo"": ""long"", ""static_elev"": ""both"", ""static_soil"": ""organic"", ""temporal"": ""both""}",long,,both,organic,True,long,True,False,False,True,both,True,organic,False,,,both,,,both,,,4.0,200.0,,,,0.05220091487519864,,0.5485397620658485,0.7482214797967162
13,TrialState.COMPLETE,0.30503756550896954,xgboost,38,"meteo,temporal,static_elev,static_soil,class_lag","{""class_lag"": ""agriculture"", ""meteo"": ""indices_only"", ""static_elev"": ""mean_only"", ""static_soil"": ""all"", ""temporal"": ""both""}",indices_only,,mean_only,all,True,indices_only,True,False,False,True,mean_only,True,all,True,,,both,,agriculture,both,,agriculture,2.0,350.0,,,,0.044165054862740645,,0.5010392729831221,0.988578024956887
22,TrialState.COMPLETE,0.3048336691263508,xgboost,36,"meteo,temporal,static_elev,static_soil,class_lag","{""class_lag"": ""water"", ""meteo"": ""short"", ""static_elev"": ""both"", ""static_soil"": ""all"", ""temporal"": ""both""}",short,,both,all,True,short,True,False,False,True,both,True,all,True,,,both,,water,both,,water,2.0,200.0,,,,0.02060022199767971,,0.6217572772393859,0.6936056377995764
31,TrialState.COMPLETE,0.30380363830235224,xgboost,32,"meteo,temporal,static_elev,static_soil,class_lag","{""class_lag"": ""fire"", ""meteo"": ""spei_only"", ""static_elev"": ""both"", ""static_soil"": ""all"", ""temporal"": ""both""}",spei_only,,both,all,True,spei_only,True,False,False,True,both,True,all,True,,,both,,fire,both,,fire,4.0,250.0,,,,0.13777036377160526,,0.6129419309692747,0.5885576941004673
33,TrialState.COMPLETE,0.301762052765683,xgboost,32,"meteo,temporal,static_elev,static_soil,class_lag","{""class_lag"": ""fire"", ""meteo"": ""spei_only"", ""static_elev"": ""both"", ""static_soil"": ""all"", ""temporal"": ""both""}",spei_only,,both,all,True,spei_only,True,False,False,True,both,True,all,True,,,both,,fire,both,,fire,4.0,150.0,,,,0.08009689460450918,,0.7424458957849316,0.6225263981543777
15,TrialState.COMPLETE,0.3016794443914844,xgboost,38,"meteo,temporal,static_elev,static_soil,class_lag","{""class_lag"": ""agriculture"", ""meteo"": ""indices_only"", ""static_elev"": ""mean_only"", ""static_soil"": ""all"", ""temporal"": ""both""}",indices_only,,mean_only,all,True,indices_only,True,False,False,True,mean_only,True,all,True,,,both,,agriculture,both,,agriculture,2.0,400.0,,,,0.0100117872629452,,0.5216785479616793,0.43829506763408554
16,TrialState.COMPLETE,0.30107671394634844,xgboost,38,"meteo,temporal,static_elev,static_soil,class_lag","{""class_lag"": ""agriculture"", ""meteo"": ""indices_only"", ""static_elev"": ""mean_only"", ""static_soil"": ""all"", ""temporal"": ""both""}",indices_only,,mean_only,all,True,indices_only,True,False,False,True,mean_only,True,all,True,,,both,,agriculture,both,,agriculture,2.0,400.0,,,,0.010336394620509526,,0.5037914579011319,0.4369039256923174
62,TrialState.COMPLETE,0.3000976815361943,xgboost,32,"meteo,temporal,static_elev,static_soil,class_lag","{""class_lag"": ""fire"", ""meteo"": ""short"", ""static_elev"": ""both"", ""static_soil"": ""all"", ""temporal"": ""both""}",short,,both,all,True,short,True,False,False,True,both,True,all,True,,,both,,fire,both,,fire,2.0,250.0,,,,0.01451734755607065,,0.6443015298309367,0.773170999896179
61,TrialState.COMPLETE,0.299231638208072,xgboost,32,"meteo,temporal,static_elev,static_soil,class_lag","{""class_lag"": ""fire"", ""meteo"": ""short"", ""static_elev"": ""both"", ""static_soil"": ""all"", ""temporal"": ""both""}",short,,both,all,True,short,True,False,False,True,both,True,all,True,,,both,,fire,both,,fire,2.0,250.0,,,,0.07327638195231168,,0.6490801829941422,0.6227933502327351
23,TrialState.COMPLETE,0.2986633149605804,xgboost,40,"meteo,temporal,static_elev,static_soil,class_lag","{""class_lag"": ""water"", ""meteo"": ""indices_only"", ""static_elev"": ""both"", ""static_soil"": ""all"", ""temporal"": ""both""}",indices_only,,both,all,True,indices_only,True,False,False,True,both,True,all,True,,,both,,water,both,,water,3.0,200.0,,,,0.02652188825359069,,0.5937468868929056,0.7082218277722098
91,TrialState.COMPLETE,0.2974668028010945,logistic_regression,36,"meteo,temporal,static_pop,static_elev,static_soil","{""meteo"": ""all"", ""static_elev"": ""mean_only"", ""static_pop"": ""all"", ""static_soil"": ""all"", ""temporal"": ""seasonality""}",all,all,mean_only,all,True,all,True,False,True,True,mean_only,True,all,False,0.001432102858419242,,seasonality,,,seasonality,,,,,,,,,,,
14,TrialState.PRUNED,0.29720618758496953,logistic_regression,7,"temporal,class_lag","{""class_lag"": ""agriculture"", ""temporal"": ""both""}",,,,,False,,True,False,False,False,,False,,True,0.018200212785584983,,both,,agriculture,both,,agriculture,,,,,,,,,
38,TrialState.COMPLETE,0.29499703826799273,xgboost,30,"meteo,temporal,static_elev,static_soil,class_lag","{""class_lag"": ""fire"", ""meteo"": ""short"", ""static_elev"": ""std_only"", ""static_soil"": ""all"", ""temporal"": ""seasonality""}",short,,std_only,all,True,short,True,False,False,True,std_only,True,all,True,,,seasonality,,fire,seasonality,,fire,3.0,200.0,,,,0.060817752060821725,,0.6613460699290123,0.5085349788846439
34,TrialState.COMPLETE,0.2944180410976126,elastic_net,21,"meteo,temporal,static_land,static_elev,static_soil,class_lag","{""class_lag"": ""fire"", ""meteo"": ""spei_only"", ""static_elev"": ""both"", ""static_land"": ""crop_only"", ""static_soil"": ""clay_loam"", ""temporal"": ""both""}",spei_only,,both,clay_loam,True,spei_only,True,True,False,True,both,True,clay_loam,True,0.21007425042463157,0.919774161911117,both,crop_only,fire,both,crop_only,fire,,,,,,,,,
89,TrialState.COMPLETE,0.2938155066411644,logistic_regression,20,"meteo,temporal,static_pop,static_elev,static_soil","{""meteo"": ""all"", ""static_elev"": ""mean_only"", ""static_pop"": ""all"", ""static_soil"": ""organic"", ""temporal"": ""seasonality""}",all,all,mean_only,organic,True,all,True,False,True,True,mean_only,True,organic,False,0.012055565451752353,,seasonality,,,seasonality,,,,,,,,,,,
53,TrialState.COMPLETE,0.2929450371089908,xgboost,26,"meteo,temporal,static_elev,static_soil,class_lag","{""class_lag"": ""fire"", ""meteo"": ""aux_only"", ""static_elev"": ""both"", ""static_soil"": ""all"", ""temporal"": ""both""}",aux_only,,both,all,True,aux_only,True,False,False,True,both,True,all,True,,,both,,fire,both,,fire,4.0,300.0,,,,0.0355345311401622,,0.6324382650499817,0.5363992731967985
58,TrialState.COMPLETE,0.2928989981477188,random_forest,34,"meteo,temporal,static_land,static_pop,static_soil,class_lag","{""class_lag"": ""agriculture"", ""meteo"": ""spei_only"", ""static_land"": ""water_only"", ""static_pop"": ""all"", ""static_soil"": ""all"", ""temporal"": ""seasonality""}",spei_only,all,,all,True,spei_only,True,True,True,False,,True,all,True,,,seasonality,water_only,agriculture,seasonality,water_only,agriculture,14.0,250.0,1.0,,,,,,
57,TrialState.COMPLETE,0.28921822359914806,xgboost,28,"meteo,static_elev,static_soil,class_lag","{""class_lag"": ""fire"", ""meteo"": ""spi_only"", ""static_elev"": ""mean_only"", ""static_soil"": ""all""}",spi_only,,mean_only,all,True,spi_only,False,False,False,True,mean_only,True,all,True,,,,,fire,,,fire,3.0,100.0,,,,0.11659137583709867,,0.6643952843035286,0.5941434517742665
48,TrialState.COMPLETE,0.2879168552490262,catboost,30,"meteo,temporal,static_elev,static_soil,class_lag","{""class_lag"": ""all"", ""meteo"": ""all"", ""static_elev"": ""std_only"", ""static_soil"": ""organic"", ""temporal"": ""both""}",all,,std_only,organic,True,all,True,False,False,True,std_only,True,organic,True,,,both,,all,both,,all,,,,350.0,5.0,0.0993574990862434,8.769032123636693,,
2,TrialState.COMPLETE,0.2874091016483352,elastic_net,8,"temporal,static_soil,class_lag","{""class_lag"": ""agriculture"", ""static_soil"": ""organic"", ""temporal"": ""seasonality""}",,,,organic,False,,True,False,False,False,,True,organic,True,0.0034354303113499703,0.16122128725400442,seasonality,,agriculture,seasonality,,agriculture,,,,,,,,,
97,TrialState.COMPLETE,0.28601879304057365,logistic_regression,24,"meteo,temporal,static_pop,static_elev,static_soil","{""meteo"": ""all"", ""static_elev"": ""mean_only"", ""static_pop"": ""all"", ""static_soil"": ""clay_loam"", ""temporal"": ""seasonality""}",all,all,mean_only,clay_loam,True,all,True,False,True,True,mean_only,True,clay_loam,False,0.014376558465267655,,seasonality,,,seasonality,,,,,,,,,,,
49,TrialState.COMPLETE,0.2852608857050418,xgboost,27,"meteo,temporal,static_soil","{""meteo"": ""spei_only"", ""static_soil"": ""all"", ""temporal"": ""persistence""}",spei_only,,,all,True,spei_only,True,False,False,False,,True,all,False,,,persistence,,,persistence,,,4.0,300.0,,,,0.06670345361500017,,0.5701478967654188,0.6561271427879398
20,TrialState.COMPLETE,0.2843602645055467,xgboost,24,"meteo,temporal,static_elev,static_soil,class_lag","{""class_lag"": ""water"", ""meteo"": ""short"", ""static_elev"": ""both"", ""static_soil"": ""clay_loam"", ""temporal"": ""both""}",short,,both,clay_loam,True,short,True,False,False,True,both,True,clay_loam,True,,,both,,water,both,,water,4.0,250.0,,,,0.020397360153067465,,0.6986396182085532,0.7102730599562621
9,TrialState.COMPLETE,0.28231652807939345,xgboost,29,"meteo,temporal,static_pop,static_elev,static_soil","{""meteo"": ""long"", ""static_elev"": ""mean_only"", ""static_pop"": ""all"", ""static_soil"": ""all"", ""temporal"": ""persistence""}",long,all,mean_only,all,True,long,True,False,True,True,mean_only,True,all,False,,,persistence,,,persistence,,,5.0,100.0,,,,0.06484008806470978,,0.7515681292900438,0.9138939047129934
29,TrialState.COMPLETE,0.28172563877024803,xgboost,29,"meteo,static_elev,static_soil,class_lag","{""class_lag"": ""fire"", ""meteo"": ""spei_only"", ""static_elev"": ""both"", ""static_soil"": ""all""}",spei_only,,both,all,True,spei_only,False,False,False,True,both,True,all,True,,,,,fire,,,fire,5.0,150.0,,,,0.08988138844295913,,0.6880615239702972,0.5721872827143303
26,TrialState.COMPLETE,0.2801004489370761,xgboost,16,"meteo,static_land,static_elev,class_lag","{""class_lag"": ""all"", ""meteo"": ""aux_only"", ""static_elev"": ""both"", ""static_land"": ""crop_tree""}",aux_only,,both,,True,aux_only,False,True,False,True,both,False,,True,,,,crop_tree,all,,crop_tree,all,3.0,250.0,,,,0.012478735589339882,,0.7598978875269056,0.8058104850616016
12,TrialState.PRUNED,0.27793989115985906,elastic_net,11,"meteo,temporal,static_soil","{""meteo"": ""spi_only"", ""static_soil"": ""organic"", ""temporal"": ""persistence""}",spi_only,,,organic,True,spi_only,True,False,False,False,,True,organic,False,0.6209000291108077,0.1245080725449089,persistence,,,persistence,,,,,,,,,,,
7,TrialState.COMPLETE,0.2755609075502027,catboost,9,"meteo,temporal,static_pop,static_soil","{""meteo"": ""aux_only"", ""static_pop"": ""all"", ""static_soil"": ""sand_podzol"", ""temporal"": ""both""}",aux_only,all,,sand_podzol,True,aux_only,True,False,True,False,,True,sand_podzol,False,,,both,,,both,,,,,,450.0,8.0,0.13001987211495072,13.40507745635471,,
35,TrialState.COMPLETE,0.27542660037574634,logistic_regression,32,"meteo,temporal,static_elev,static_soil,class_lag","{""class_lag"": ""fire"", ""meteo"": ""spei_only"", ""static_elev"": ""both"", ""static_soil"": ""all"", ""temporal"": ""both""}",spei_only,,both,all,True,spei_only,True,False,False,True,both,True,all,True,0.00010371690163074529,,both,,fire,both,,fire,,,,,,,,,
5,TrialState.COMPLETE,0.2751854803774532,catboost,8,"static_land,static_pop,static_soil,class_lag","{""class_lag"": ""agriculture"", ""static_land"": ""crop_only"", ""static_pop"": ""all"", ""static_soil"": ""organic""}",,all,,organic,False,,False,True,True,False,,True,organic,True,,,,crop_only,agriculture,,crop_only,agriculture,,,,150.0,7.0,0.00510470049391559,2.8317167455537304,,
24,TrialState.COMPLETE,0.274329873046261,logistic_regression,19,"meteo,temporal,static_elev,static_soil,class_lag","{""class_lag"": ""water"", ""meteo"": ""short"", ""static_elev"": ""both"", ""static_soil"": ""dominant_only"", ""temporal"": ""both""}",short,,both,dominant_only,True,short,True,False,False,True,both,True,dominant_only,True,14.35874085554766,,both,,water,both,,water,,,,,,,,,
8,TrialState.COMPLETE,0.27366555864557424,xgboost,19,"static_pop,static_soil","{""static_pop"": ""all"", ""static_soil"": ""all""}",,all,,all,False,,False,False,True,False,,True,all,False,,,,,,,,,6.0,600.0,,,,0.018760113454771868,,0.8975930973843518,0.5624993507572446
18,TrialState.COMPLETE,0.27343785137687737,xgboost,17,"meteo,static_land,static_elev,class_lag","{""class_lag"": ""water"", ""meteo"": ""spei_only"", ""static_elev"": ""mean_only"", ""static_land"": ""all""}",spei_only,,mean_only,,True,spei_only,False,True,False,True,mean_only,False,,True,,,,all,water,,all,water,4.0,300.0,,,,0.035402739256409486,,0.5873366638078266,0.7905401193374386
99,TrialState.COMPLETE,0.26493799202217644,logistic_regression,34,"meteo,static_pop,static_elev,static_soil","{""meteo"": ""all"", ""static_elev"": ""mean_only"", ""static_pop"": ""all"", ""static_soil"": ""all""}",all,all,mean_only,all,True,all,False,False,True,True,mean_only,True,all,False,0.02154059127836794,,,,,,,,,,,,,,,,
6,TrialState.COMPLETE,0.26422454336772,catboost,15,"temporal,static_pop,static_elev,class_lag","{""class_lag"": ""all"", ""static_elev"": ""both"", ""static_pop"": ""all"", ""temporal"": ""seasonality""}",,all,both,,False,,True,False,True,True,both,False,,True,,,seasonality,,all,seasonality,,all,,,,150.0,10.0,0.24842728684102455,13.765533658196503,,
37,TrialState.COMPLETE,0.2634400797706299,random_forest,24,"meteo,static_land,static_pop,static_elev,static_soil,class_lag","{""class_lag"": ""fire"", ""meteo"": ""all"", ""static_elev"": ""both"", ""static_land"": ""all"", ""static_pop"": ""all"", ""static_soil"": ""sand_podzol""}",all,all,both,sand_podzol,True,all,False,True,True,True,both,True,sand_podzol,True,,,,all,fire,,all,fire,6.0,150.0,16.0,,,,,,
40,TrialState.PRUNED,0.26127155463584295,xgboost,9,"meteo,class_lag","{""class_lag"": ""fire"", ""meteo"": ""spei_only""}",spei_only,,,,True,spei_only,False,False,False,False,,False,,True,,,,,fire,,,fire,5.0,300.0,,,,0.19531168479386035,,0.8197454475110622,0.6401532272490662
4,TrialState.COMPLETE,0.2599212647334286,random_forest,2,"temporal,static_soil","{""static_soil"": ""dominant_only"", ""temporal"": ""persistence""}",,,,dominant_only,False,,True,False,False,False,,True,dominant_only,False,,,persistence,,,persistence,,,3.0,350.0,6.0,,,,,,
68,TrialState.PRUNED,0.25933749385360644,logistic_regression,6,"static_elev,static_soil,class_lag","{""class_lag"": ""agriculture"", ""static_elev"": ""mean_only"", ""static_soil"": ""dominant_only""}",,,mean_only,dominant_only,False,,False,False,False,True,mean_only,True,dominant_only,True,4.224062255501712,,,,agriculture,,,agriculture,,,,,,,,,
1,TrialState.COMPLETE,0.2506209644229503,random_forest,22,"meteo,temporal,static_land,static_elev,class_lag","{""class_lag"": ""agriculture"", ""meteo"": ""all"", ""static_elev"": ""std_only"", ""static_land"": ""water_only"", ""temporal"": ""seasonality""}",all,,std_only,,True,all,True,True,False,True,std_only,False,,True,,,seasonality,water_only,agriculture,seasonality,water_only,agriculture,13.0,100.0,9.0,,,,,,
11,TrialState.COMPLETE,0.2504397059940755,xgboost,17,"meteo,temporal,static_elev,static_soil,class_lag","{""class_lag"": ""fire"", ""meteo"": ""long"", ""static_elev"": ""mean_only"", ""static_soil"": ""clay_loam"", ""temporal"": ""persistence""}",long,,mean_only,clay_loam,True,long,True,False,False,True,mean_only,True,clay_loam,True,,,persistence,,fire,persistence,,fire,8.0,100.0,,,,0.04331782915047055,,0.6667113391033931,0.9996174631849308
3,TrialState.COMPLETE,0.2189336563421962,logistic_regression,6,"static_land,static_pop,static_elev,static_soil","{""static_elev"": ""std_only"", ""static_land"": ""water_only"", ""static_pop"": ""all"", ""static_soil"": ""sand_podzol""}",,all,std_only,sand_podzol,False,,False,True,True,True,std_only,True,sand_podzol,False,0.003935183108563256,,,water_only,,,water_only,,,,,,,,,,
0,TrialState.COMPLETE,0.21247571913445293,elastic_net,13,"meteo,static_pop,static_elev,static_soil","{""meteo"": ""long"", ""static_elev"": ""std_only"", ""static_pop"": ""all"", ""static_soil"": ""sand_podzol""}",long,all,std_only,sand_podzol,True,long,False,False,True,True,std_only,True,sand_podzol,False,13.14753610441932,0.8083973481164611,,,,,,,,,,,,,,,
10,TrialState.PRUNED,0.18083333333333335,elastic_net,9,"temporal,static_land,class_lag","{""class_lag"": ""water"", ""static_land"": ""crop_tree"", ""temporal"": ""seasonality""}",,,,,False,,True,True,False,False,,False,,True,0.0001186447039749686,0.035025413210601486,seasonality,crop_tree,water,seasonality,crop_tree,water,,,,,,,,,
56,TrialState.PRUNED,0.18083333333333335,elastic_net,12,"temporal,static_elev,static_soil,class_lag","{""class_lag"": ""fire"", ""static_elev"": ""both"", ""static_soil"": ""clay_loam"", ""temporal"": ""both""}",,,both,clay_loam,False,,True,False,False,True,both,True,clay_loam,True,0.0008889789150710584,0.5002459226822878,both,,fire,both,,fire,,,,,,,,,
