staid,station_name,latitude,longitude,elevation,source_file
144,NETHERLANDS WEST TERSCHELLING,53.36666666666667,5.216666666666667,7,indexCDD_000144.txt
145,NETHERLANDS DE KOOY-1,52.916666666666664,4.783055555555555,0,indexCDD_000145.txt
146,NETHERLANDS DEN HELDER-1,52.933055555555555,4.75,0,indexCDD_000146.txt
147,NETHERLANDS GRONINGEN-1,53.183055555555555,6.6,1,indexCDD_000147.txt
148,NETHERLANDS TER APEL,52.88305555555556,7.066666666666666,12,indexCDD_000148.txt
149,NETHERLANDS HOORN,52.65,5.066666666666666,-1,indexCDD_000149.txt
150,NETHERLANDS HEERDE,52.4,6.05,6,indexCDD_000150.txt
151,NETHERLANDS HOOFDDORP,52.31666666666667,4.7,-3,indexCDD_000151.txt
152,NETHERLANDS DE BILT-1,52.1,5.183055555555556,2,indexCDD_000152.txt
153,NETHERLANDS WINTERSWIJK,51.98305555555556,6.7,34,indexCDD_000153.txt
154,NETHERLANDS KERKWERVE,51.683055555555555,3.8666666666666667,7,indexCDD_000154.txt
155,NETHERLANDS WESTDORPE-1,51.21666666666667,3.8666666666666667,2,indexCDD_000155.txt
156,NETHERLANDS AXEL,51.283055555555556,3.9166666666666665,2,indexCDD_000156.txt
157,NETHERLANDS OUDENBOSCH,51.56666666666667,4.533055555555555,1,indexCDD_000157.txt
158,NETHERLANDS ROERMOND,51.183055555555555,5.966666666666667,20,indexCDD_000158.txt
161,NETHERLANDS DE KOOY,52.92666666666666,4.780833333333334,1,indexCDD_000161.txt
162,NETHERLANDS DE BILT,52.098888888888894,5.179444444444445,2,indexCDD_000162.txt
164,NETHERLANDS EELDE,53.123333333333335,6.584444444444444,5,indexCDD_000164.txt
166,NETHERLANDS VLISSINGEN,51.44138888888889,3.595555555555556,8,indexCDD_000166.txt
168,NETHERLANDS MAASTRICHT,50.905277777777776,5.761666666666667,114,indexCDD_000168.txt
411,NETHERLANDS MARKNESSE,52.70166666666667,5.887499999999999,-3,indexCDD_000411.txt
413,NETHERLANDS LAUWERSOOG,53.41166666666666,6.199166666666667,3,indexCDD_000413.txt
437,NETHERLANDS WIJK AAN ZEE,52.50527777777778,4.603055555555555,9,indexCDD_000437.txt
438,NETHERLANDS CABAUW,51.969166666666666,4.9255555555555555,-1,indexCDD_000438.txt
442,NETHERLANDS VOLKEL,51.658055555555556,5.706666666666667,20,indexCDD_000442.txt
451,NETHERLANDS BERKHOUT,52.64277777777778,4.978888888888889,-2,indexCDD_000451.txt
453,NETHERLANDS HEINO,52.43416666666666,6.2588888888888885,4,indexCDD_000453.txt
454,NETHERLANDS HUPSEL,52.06777777777778,6.656666666666667,29,indexCDD_000454.txt
464,NETHERLANDS ARCEN,51.496944444444445,6.195833333333334,20,indexCDD_000464.txt
478,NETHERLANDS HERWIJNEN,51.85777777777778,5.145277777777778,1,indexCDD_000478.txt
500,NETHERLANDS NIEUW BEERTA,53.19416666666666,7.149166666666667,0,indexCDD_000500.txt
501,NETHERLANDS PETTEN,52.766666666666666,4.65,1,indexCDD_000501.txt
502,NETHERLANDS DE COCKSDORPS,53.166666666666664,4.866666666666667,1,indexCDD_000502.txt
503,NETHERLANDS DE KOOG,53.1,4.766666666666667,0,indexCDD_000503.txt
504,NETHERLANDS MAKKUM,53.06666666666667,5.416666666666667,0,indexCDD_000504.txt
505,NETHERLANDS ST. ANNA PAROCHIE,53.283055555555556,5.666666666666667,1,indexCDD_000505.txt
506,NETHERLANDS APPELSCHA,52.96666666666667,6.35,9,indexCDD_000506.txt
507,NETHERLANDS NIJBEETS,53.06666666666667,6.0,-2,indexCDD_000507.txt
508,NETHERLANDS BERGUMERDAM,53.183055555555555,5.983055555555556,2,indexCDD_000508.txt
509,NETHERLANDS TERNAARD,53.38305555555556,5.983055555555556,1,indexCDD_000509.txt
511,NETHERLANDS DELFZIJL,53.31666666666667,6.933055555555556,2,indexCDD_000511.txt
512,NETHERLANDS WARFFUM,53.4,6.566666666666666,1,indexCDD_000512.txt
513,NETHERLANDS ZOUTKAMP,53.33305555555556,6.3,1,indexCDD_000513.txt
514,NETHERLANDS EEXT,53.0,6.733055555555556,16,indexCDD_000514.txt
515,NETHERLANDS VLAGTWEDDE,53.033055555555556,7.116666666666666,3,indexCDD_000515.txt
516,NETHERLANDS RODEN,53.15,6.433055555555556,3,indexCDD_000516.txt
517,NETHERLANDS ZEERIJP,53.35,6.75,1,indexCDD_000517.txt
518,NETHERLANDS BEVERWIJK,52.48305555555556,4.666666666666667,0,indexCDD_000518.txt
519,NETHERLANDS ENKHUIZEN,52.7,5.3,2,indexCDD_000519.txt
520,NETHERLANDS SCHELLINGWOUDE,52.38305555555556,4.966666666666667,-1,indexCDD_000520.txt
521,NETHERLANDS ANNA PAULOWNA,52.86666666666667,4.833055555555555,-1,indexCDD_000521.txt
522,NETHERLANDS ZANDVOORT,52.35,4.516666666666667,10,indexCDD_000522.txt
523,NETHERLANDS ZAANDIJK,52.48305555555556,4.8,0,indexCDD_000523.txt
524,NETHERLANDS MEDEMBLIK,52.783055555555556,5.1,-2,indexCDD_000524.txt
525,NETHERLANDS DEN OEVER,52.916666666666664,5.033055555555555,1,indexCDD_000525.txt
526,NETHERLANDS MARKEN,52.46666666666667,5.1,-1,indexCDD_000526.txt
527,NETHERLANDS HOOGEVEEN-1,52.71666666666667,6.466666666666667,11,indexCDD_000527.txt
528,NETHERLANDS IJSSELMUIDEN,52.56666666666667,5.95,-2,indexCDD_000528.txt
529,NETHERLANDS SCHOONLOO,52.9,6.7,21,indexCDD_000529.txt
530,NETHERLANDS ZWEELO,52.8,6.733055555555556,16,indexCDD_000530.txt
531,NETHERLANDS TOLLEBEEK,52.666666666666664,5.633055555555556,-1,indexCDD_000531.txt
532,NETHERLANDS EMMELOORD,52.71666666666667,5.783055555555555,-4,indexCDD_000532.txt
533,NETHERLANDS KLAZIENAVEEN,52.766666666666666,7.0,17,indexCDD_000533.txt
534,NETHERLANDS ELBURG,52.433055555555555,5.833055555555555,1,indexCDD_000534.txt
535,NETHERLANDS DEDEMSVAART,52.6,6.45,6,indexCDD_000535.txt
536,NETHERLANDS LEMMER (GEMAAL BUMA),52.83305555555556,5.716666666666667,-1,indexCDD_000536.txt
537,NETHERLANDS SWIFTERBANT,52.58305555555556,5.65,-3,indexCDD_000537.txt
538,NETHERLANDS OOSTVAARDERSDIEP,52.416666666666664,5.216666666666667,1,indexCDD_000538.txt
539,NETHERLANDS GROOT AMMERS,51.933055555555555,4.816666666666666,-1,indexCDD_000539.txt
540,NETHERLANDS ROELOFARENDSVEEN,52.21666666666667,4.616666666666667,-4,indexCDD_000540.txt
541,NETHERLANDS SCHEVENINGEN,52.11666666666667,4.3,0,indexCDD_000541.txt
542,NETHERLANDS NUMANSDORP,51.73305555555556,4.416666666666667,0,indexCDD_000542.txt
543,NETHERLANDS IJSSELMONDE,51.88305555555556,4.55,-1,indexCDD_000543.txt
544,NETHERLANDS OOSTVOORNE,51.916666666666664,4.099722222222222,2,indexCDD_000544.txt
545,NETHERLANDS DIRKSLAND,51.75,4.083055555555555,1,indexCDD_000545.txt
546,NETHERLANDS OUD ALBLAS,51.85,4.7,-1,indexCDD_000546.txt
547,NETHERLANDS POORTUGAAL,51.85,4.4,0,indexCDD_000547.txt
548,NETHERLANDS OUDDORP,51.81666666666667,3.8666666666666667,1,indexCDD_000548.txt
549,NETHERLANDS VALKENBURG-1,52.183055555555555,4.416666666666667,0,indexCDD_000549.txt
550,NETHERLANDS NIJMEGEN,51.81666666666667,5.866666666666667,10,indexCDD_000550.txt
551,NETHERLANDS PUTTEN (GLD),52.25,5.616666666666667,14,indexCDD_000551.txt
552,NETHERLANDS APELDOORN,52.23305555555556,5.966666666666667,13,indexCDD_000552.txt
553,NETHERLANDS WOUDENBERG,52.08305555555556,5.45,4,indexCDD_000553.txt
554,NETHERLANDS LOENEN AAN DE VECHT,52.21666666666667,5.033055555555555,-1,indexCDD_000554.txt
555,NETHERLANDS CULEMBORG,51.95,5.233055555555556,2,indexCDD_000555.txt
556,NETHERLANDS TIEL,51.916666666666664,5.433055555555556,4,indexCDD_000556.txt
557,NETHERLANDS WEESP,52.3,5.033055555555555,-2,indexCDD_000557.txt
558,NETHERLANDS BARNEVELD,52.13305555555556,5.583055555555555,9,indexCDD_000558.txt
559,NETHERLANDS DEELEN-1,52.06666666666667,5.883055555555556,50,indexCDD_000559.txt
560,NETHERLANDS DOETINCHEM,51.96666666666667,6.283055555555555,12,indexCDD_000560.txt
561,NETHERLANDS TWENTHE-1,52.266666666666666,6.9,35,indexCDD_000561.txt
562,NETHERLANDS WEERSELO,52.35,6.85,18,indexCDD_000562.txt
563,NETHERLANDS ALMEN,52.15,6.3,9,indexCDD_000563.txt
564,NETHERLANDS LETTELE,52.266666666666666,6.266666666666667,8,indexCDD_000564.txt
565,NETHERLANDS MARKELO,52.23305555555556,6.5,17,indexCDD_000565.txt
566,NETHERLANDS LIEVELDE,52.016666666666666,6.633055555555556,26,indexCDD_000566.txt
567,NETHERLANDS WILHELMINADORP,51.525555555555556,3.8833333333333333,2,indexCDD_000567.txt
568,NETHERLANDS HAAMSTEDE,51.7,3.7,3,indexCDD_000568.txt
569,NETHERLANDS OVEZANDE,51.433055555555555,3.8166666666666664,3,indexCDD_000569.txt
570,NETHERLANDS THOLEN-1,51.533055555555556,4.216666666666667,0,indexCDD_000570.txt
571,NETHERLANDS PHILIPPINE,51.283055555555556,3.75,2,indexCDD_000571.txt
572,NETHERLANDS SCHOONDIJKE,51.35,3.55,1,indexCDD_000572.txt
573,NETHERLANDS KAPELLEBRUG,51.25,4.066666666666666,3,indexCDD_000573.txt
574,NETHERLANDS ZUNDERT,51.46666666666667,4.666666666666667,10,indexCDD_000574.txt
575,NETHERLANDS ESBEEK,51.433055555555555,5.15,22,indexCDD_000575.txt
576,NETHERLANDS OOSTERHOUT,51.63305555555556,4.833055555555555,5,indexCDD_000576.txt
577,NETHERLANDS CHAAM,51.516666666666666,4.883055555555556,12,indexCDD_000577.txt
578,NETHERLANDS ANDEL,51.783055555555556,5.05,1,indexCDD_000578.txt
579,NETHERLANDS HOOGERHEIDE,51.433055555555555,4.316666666666666,19,indexCDD_000579.txt
580,NETHERLANDS KLUNDERT,51.666666666666664,4.533055555555555,0,indexCDD_000580.txt
581,NETHERLANDS SEVENUM,51.4,6.016666666666667,29,indexCDD_000581.txt
582,NETHERLANDS HELMOND,51.48305555555556,5.616666666666667,18,indexCDD_000582.txt
583,NETHERLANDS VENLO,51.35,6.183055555555556,30,indexCDD_000583.txt
584,NETHERLANDS NULAND,51.71666666666667,5.416666666666667,7,indexCDD_000584.txt
585,NETHERLANDS SOMEREN,51.4,5.7,23,indexCDD_000585.txt
586,NETHERLANDS DINTHER,51.65,5.483055555555556,10,indexCDD_000586.txt
587,NETHERLANDS EINDHOVEN (VB),51.45,5.416666666666667,20,indexCDD_000587.txt
588,NETHERLANDS EIJSDEN,50.783055555555556,5.716666666666667,54,indexCDD_000588.txt
589,NETHERLANDS VALKENBURG (L),50.85,5.833055555555555,80,indexCDD_000589.txt
590,NETHERLANDS SCHAESBERG,50.9,6.016666666666667,140,indexCDD_000590.txt
591,NETHERLANDS BEESEL,51.266666666666666,6.033055555555555,27,indexCDD_000591.txt
592,NETHERLANDS ECHT,51.08305555555556,5.916666666666667,34,indexCDD_000592.txt
593,NETHERLANDS SCHIPHOL,52.315555555555555,4.790277777777778,-3,indexCDD_000593.txt
594,NETHERLANDS HOORN TERSCHELLING,53.39083333333333,5.345555555555555,1,indexCDD_000594.txt
595,NETHERLANDS SOESTERBERG,52.12555555555556,5.273333333333333,14,indexCDD_000595.txt
596,NETHERLANDS STAVOREN,52.89666666666667,5.383055555555555,-1,indexCDD_000596.txt
597,NETHERLANDS LELYSTAD,52.456944444444446,5.519444444444445,-4,indexCDD_000597.txt
598,NETHERLANDS ROTTERDAM,51.96055555555556,4.446666666666667,-4,indexCDD_000598.txt
599,NETHERLANDS GILZE-RIJEN,51.565,4.935277777777778,11,indexCDD_000599.txt
600,NETHERLANDS ELL,51.196666666666665,5.7625,30,indexCDD_000600.txt
601,NETHERLANDS VLIELAND,53.24,4.920555555555556,4,indexCDD_000601.txt
602,NETHERLANDS HOEK VAN HOLLAND,51.990833333333335,4.121666666666666,12,indexCDD_000602.txt
603,NETHERLANDS LEEUWARDEN,53.223055555555554,5.751666666666667,0,indexCDD_000603.txt
604,NETHERLANDS WOENSDRECHT,51.44777777777777,4.341666666666667,15,indexCDD_000604.txt
2350,NETHERLANDS 'S HEERENHOEK,51.46666666666667,3.7666666666666666,1,indexCDD_002350.txt
2351,NETHERLANDS AALSMEER,52.266666666666666,4.766666666666667,-4,indexCDD_002351.txt
2352,NETHERLANDS AALTEN,51.916666666666664,6.566666666666666,22,indexCDD_002352.txt
2353,NETHERLANDS ABCOUDE,52.266666666666666,4.983055555555556,-2,indexCDD_002353.txt
2354,NETHERLANDS AKKRUM,53.05,5.816666666666666,4,indexCDD_002354.txt
2355,NETHERLANDS ALMELO,52.35,6.666666666666667,11,indexCDD_002355.txt
2356,NETHERLANDS AMERONGEN,52.0,5.466666666666667,6,indexCDD_002356.txt
2357,NETHERLANDS AMMERZODEN,51.75,5.216666666666667,3,indexCDD_002357.txt
2358,NETHERLANDS AMSTERDAM,52.36666666666667,4.916666666666667,1,indexCDD_002358.txt
2359,NETHERLANDS ANJUM,53.38305555555556,6.133055555555555,1,indexCDD_002359.txt
2360,NETHERLANDS ANNA JACOBA POLDER,51.63305555555556,4.133055555555555,1,indexCDD_002360.txt
2361,NETHERLANDS ARNHEM,52.0,5.933055555555556,85,indexCDD_002361.txt
2362,NETHERLANDS ASSEN,53.0,6.6,12,indexCDD_002362.txt
2363,NETHERLANDS ASSENDELFT,52.46666666666667,4.733055555555556,2,indexCDD_002363.txt
2364,NETHERLANDS BARENDRECHT,51.86666666666667,4.533055555555555,0,indexCDD_002364.txt
2365,NETHERLANDS BEEK,50.933055555555555,5.816666666666666,115,indexCDD_002365.txt
2366,NETHERLANDS BEEKBERGEN,52.166666666666664,5.966666666666667,25,indexCDD_002366.txt
2367,NETHERLANDS BENSCHOP,52.0,4.933055555555556,-1,indexCDD_002367.txt
2368,NETHERLANDS BERGEN (NH),52.683055555555555,4.683055555555556,4,indexCDD_002368.txt
2369,NETHERLANDS BERGEN OP ZOOM,51.5,4.25,2,indexCDD_002369.txt
2370,NETHERLANDS BERGSCHENHOEK,51.98305555555556,4.5,-6,indexCDD_002370.txt
2371,NETHERLANDS BIDDINGHUIZEN,52.45,5.683055555555556,-3,indexCDD_002371.txt
2372,NETHERLANDS BIERVLIET,51.33305555555556,3.6830555555555553,1,indexCDD_002372.txt
2373,NETHERLANDS BLOKZIJL,52.73305555555556,5.95,1,indexCDD_002373.txt
2374,NETHERLANDS BORCULO,52.1,6.533055555555555,17,indexCDD_002374.txt
2375,NETHERLANDS BOSKOOP,52.08305555555556,4.683055555555556,-2,indexCDD_002375.txt
2376,NETHERLANDS BOXTEL,51.58305555555556,5.333055555555555,9,indexCDD_002376.txt
2377,NETHERLANDS BRESKENS,51.4,3.55,1,indexCDD_002377.txt
2378,NETHERLANDS BRIELLE,51.9,4.15,1,indexCDD_002378.txt
2379,NETHERLANDS BROUWERSHAVEN,51.73305555555556,3.8830555555555555,-1,indexCDD_002379.txt
2380,NETHERLANDS BUCHTEN,51.05,5.8,15,indexCDD_002380.txt
2381,NETHERLANDS CADZAND,51.36666666666667,3.4,1,indexCDD_002381.txt
2382,NETHERLANDS CALLANTSOOG,52.85,4.7,1,indexCDD_002382.txt
2383,NETHERLANDS CAPELLE (NB),51.683055555555555,4.983055555555556,1,indexCDD_002383.txt
2384,NETHERLANDS CASTRICUM,52.55,4.65,3,indexCDD_002384.txt
2385,NETHERLANDS DE HAUKES,52.88305555555556,4.933055555555556,-1,indexCDD_002385.txt
2386,NETHERLANDS DELFT,52.016666666666666,4.366666666666666,0,indexCDD_002386.txt
2387,NETHERLANDS DEN BOMMEL,51.71666666666667,4.3,0,indexCDD_002387.txt
2388,NETHERLANDS DEN BURG,53.05,4.8,-1,indexCDD_002388.txt
2389,NETHERLANDS DENEKAMP,52.38305555555556,7.033055555555555,24,indexCDD_002389.txt
2390,NETHERLANDS DEURNE,51.45,5.766666666666667,26,indexCDD_002390.txt
2391,NETHERLANDS DEVENTER,52.266666666666666,6.216666666666667,6,indexCDD_002391.txt
2392,NETHERLANDS DOKKUM,53.31666666666667,5.983055555555556,1,indexCDD_002392.txt
2393,NETHERLANDS DOORN,52.05,5.333055555555555,20,indexCDD_002393.txt
2394,NETHERLANDS DRACHTEN,53.11666666666667,6.1,2,indexCDD_002394.txt
2395,NETHERLANDS DRONTEN,52.55,5.85,0,indexCDD_002395.txt
2396,NETHERLANDS DUIVEN,51.96666666666667,6.016666666666667,9,indexCDD_002396.txt
2397,NETHERLANDS DWINGELO,52.81666666666667,6.416666666666667,12,indexCDD_002397.txt
2398,NETHERLANDS EDAM,52.516666666666666,5.05,0,indexCDD_002398.txt
2399,NETHERLANDS EEMNES,52.283055555555556,5.283055555555555,0,indexCDD_002399.txt
2400,NETHERLANDS EENRUM,53.36666666666667,6.466666666666667,1,indexCDD_002400.txt
2401,NETHERLANDS EERBEEK,52.11666666666667,6.066666666666666,15,indexCDD_002401.txt
2402,NETHERLANDS EERNEWOUDE,53.13305555555556,5.95,-1,indexCDD_002402.txt
2403,NETHERLANDS EERSEL,51.35,5.25,30,indexCDD_002403.txt
2404,NETHERLANDS ELSPEET,52.283055555555556,5.783055555555555,34,indexCDD_002404.txt
2405,NETHERLANDS EMMEN,52.783055555555556,6.883055555555556,24,indexCDD_002405.txt
2406,NETHERLANDS ENSCHEDE,52.2,6.916666666666667,46,indexCDD_002406.txt
2407,NETHERLANDS EPE,52.35,6.0,9,indexCDD_002407.txt
2408,NETHERLANDS EPEN (L),50.766666666666666,5.9,155,indexCDD_002408.txt
2409,NETHERLANDS EZINGE,53.283055555555556,6.45,1,indexCDD_002409.txt
2410,NETHERLANDS EZUMAZIJL,53.36666666666667,6.15,1,indexCDD_002410.txt
2411,NETHERLANDS FINSTERWOLDE,53.2,7.1,1,indexCDD_002411.txt
2412,NETHERLANDS FORMERUM,53.4,5.3,0,indexCDD_002412.txt
2413,NETHERLANDS FREDERIKSOORD,52.85,6.2,4,indexCDD_002413.txt
2414,NETHERLANDS GELDERMALSEN,51.86666666666667,5.266666666666667,4,indexCDD_002414.txt
2415,NETHERLANDS GEMERT,51.55,5.683055555555556,13,indexCDD_002415.txt
2416,NETHERLANDS GENDRINGEN,51.86666666666667,6.35,14,indexCDD_002416.txt
2417,NETHERLANDS GIERSBERGEN,51.65,5.15,6,indexCDD_002417.txt
2418,NETHERLANDS GIETERVEEN,53.033055555555556,6.85,0,indexCDD_002418.txt
2419,NETHERLANDS GIETHOORN,52.71666666666667,6.066666666666666,-1,indexCDD_002419.txt
2420,NETHERLANDS GINNEKEN,51.55,4.75,5,indexCDD_002420.txt
2421,NETHERLANDS GOEDEREEDE,51.81666666666667,3.966666666666667,0,indexCDD_002421.txt
2422,NETHERLANDS GORINCHEM,51.83305555555556,4.983055555555556,1,indexCDD_002422.txt
2423,NETHERLANDS GORREDIJK,53.0,6.066666666666666,0,indexCDD_002423.txt
2424,NETHERLANDS GOUDA,52.016666666666666,4.716666666666667,-2,indexCDD_002424.txt
2425,NETHERLANDS HAMERSVELD,52.13305555555556,5.416666666666667,3,indexCDD_002425.txt
2426,NETHERLANDS HARDERWIJK,52.36666666666667,5.616666666666667,2,indexCDD_002426.txt
2427,NETHERLANDS HARLINGEN,53.183055555555555,5.433055555555556,0,indexCDD_002427.txt
2428,NETHERLANDS HARSKAMP,52.15,5.733055555555556,19,indexCDD_002428.txt
2429,NETHERLANDS HEEG,52.96666666666667,5.6,-1,indexCDD_002429.txt
2430,NETHERLANDS HEEMSTEDE,52.35,4.633055555555556,-4,indexCDD_002430.txt
2431,NETHERLANDS HEIBLOEM (L),51.283055555555556,5.9,29,indexCDD_002431.txt
2432,NETHERLANDS HEILOO,52.6,4.733055555555556,-1,indexCDD_002432.txt
2433,NETHERLANDS HELLENDOORN,52.38305555555556,6.45,10,indexCDD_002433.txt
2434,NETHERLANDS HENDRIK IDO AMBACHT,51.83305555555556,4.65,-1,indexCDD_002434.txt
2435,NETHERLANDS HENGELO,52.06666666666667,6.3,11,indexCDD_002435.txt
2436,NETHERLANDS HENGELO (O),52.266666666666666,6.766666666666667,15,indexCDD_002436.txt
2437,NETHERLANDS HERBAYUM,53.183055555555555,5.5,0,indexCDD_002437.txt
2438,NETHERLANDS HERWEN,51.88305555555556,6.1,14,indexCDD_002438.txt
2439,NETHERLANDS HEUMEN,51.766666666666666,5.833055555555555,10,indexCDD_002439.txt
2440,NETHERLANDS HOLLUM,53.433055555555555,5.633055555555556,1,indexCDD_002440.txt
2441,NETHERLANDS HOLTEN,52.3,6.466666666666667,16,indexCDD_002441.txt
2442,NETHERLANDS HONSELERSDIJK,52.0,4.25,-1,indexCDD_002442.txt
2443,NETHERLANDS HOOGKARSPEL,52.683055555555555,5.166666666666667,-1,indexCDD_002443.txt
2444,NETHERLANDS HOOGWOUD,52.73305555555556,4.966666666666667,-1,indexCDD_002444.txt
2445,NETHERLANDS HULSHORST,52.36666666666667,5.7,4,indexCDD_002445.txt
2447,NETHERLANDS IJSSELSTEYN (L),51.48305555555556,5.883055555555556,31,indexCDD_002447.txt
2448,NETHERLANDS JOURE,52.96666666666667,5.816666666666666,0,indexCDD_002448.txt
2449,NETHERLANDS KAPELLE,51.48305555555556,3.95,0,indexCDD_002449.txt
2450,NETHERLANDS KATWIJK AAN DEN RIJN,52.183055555555555,4.416666666666667,7,indexCDD_002450.txt
2451,NETHERLANDS KLOOSTERZANDE,51.38305555555556,4.033055555555555,1,indexCDD_002451.txt
2452,NETHERLANDS KOLHORN,52.783055555555556,4.9,-2,indexCDD_002452.txt
2453,NETHERLANDS KOLLUM,53.283055555555556,6.133055555555555,1,indexCDD_002453.txt
2454,NETHERLANDS KOOTWIJK,52.183055555555555,5.833055555555555,39,indexCDD_002454.txt
2455,NETHERLANDS KORNWERDERZAND,53.06666666666667,5.333055555555555,3,indexCDD_002455.txt
2456,NETHERLANDS KORTGENE,51.56666666666667,3.833055555555555,1,indexCDD_002456.txt
2457,NETHERLANDS KRABBENDIJKE,51.433055555555555,4.099722222222222,1,indexCDD_002457.txt
2458,NETHERLANDS KREILEROORD,52.86666666666667,5.1,2,indexCDD_002458.txt
2459,NETHERLANDS KUINRE,52.783055555555556,5.85,5,indexCDD_002459.txt
2460,NETHERLANDS LAAGHALEN,52.916666666666664,6.533055555555555,16,indexCDD_002460.txt
2461,NETHERLANDS LAREN,52.25,5.2,15,indexCDD_002461.txt
2462,NETHERLANDS LEENDE,51.33305555555556,5.533055555555555,25,indexCDD_002462.txt
2463,NETHERLANDS LEIDEN,52.13305555555556,4.483055555555556,0,indexCDD_002463.txt
2464,NETHERLANDS LICHTENVOORDE,52.0,6.566666666666666,19,indexCDD_002464.txt
2466,NETHERLANDS LIJNDEN (NH),52.35,4.75,-5,indexCDD_002466.txt
2467,NETHERLANDS LISSE,52.266666666666666,4.55,5,indexCDD_002467.txt
2468,NETHERLANDS LOCHEM,52.15,6.383055555555555,12,indexCDD_002468.txt
2469,NETHERLANDS LUNTEREN,52.08305555555556,5.6,13,indexCDD_002469.txt
2470,NETHERLANDS MAARHEEZE,51.3,5.583055555555555,28,indexCDD_002470.txt
2471,NETHERLANDS MAASLAND,51.96666666666667,4.25,-2,indexCDD_002471.txt
2472,NETHERLANDS MARUM,53.15,6.283055555555555,3,indexCDD_002472.txt
2473,NETHERLANDS MEGEN,51.81666666666667,5.566666666666666,6,indexCDD_002473.txt
2474,NETHERLANDS MIDDELBURG,51.48305555555556,3.6,-1,indexCDD_002474.txt
2475,NETHERLANDS MIDDELSTUM,53.31666666666667,6.616666666666667,0,indexCDD_002475.txt
2476,NETHERLANDS MILL,51.683055555555555,5.8,17,indexCDD_002476.txt
2477,NETHERLANDS NAGELE,52.61666666666667,5.716666666666667,-4,indexCDD_002477.txt
2478,NETHERLANDS NES (AMELAND),53.45,5.766666666666667,3,indexCDD_002478.txt
2479,NETHERLANDS NIEKERK,53.21666666666667,6.35,1,indexCDD_002479.txt
2480,NETHERLANDS NIEUW BUINEN,52.96666666666667,6.95,7,indexCDD_002480.txt
2481,NETHERLANDS NIEUW HELVOET,51.83305555555556,4.116666666666666,0,indexCDD_002481.txt
2482,NETHERLANDS NIEUWENDIJK (NB),51.766666666666666,4.933055555555556,0,indexCDD_002482.txt
2483,NETHERLANDS NIEUWOLDA,53.25,6.983055555555556,-2,indexCDD_002483.txt
2484,NETHERLANDS NIJKERK,52.23305555555556,5.466666666666667,0,indexCDD_002484.txt
2485,NETHERLANDS NOORBEEK,50.766666666666666,5.816666666666666,160,indexCDD_002485.txt
2486,NETHERLANDS NOORDGOUWE,51.7,3.966666666666667,-1,indexCDD_002486.txt
2487,NETHERLANDS OBDAM,52.683055555555555,4.883055555555556,-2,indexCDD_002487.txt
2488,NETHERLANDS OIRSCHOT,51.5,5.333055555555555,16,indexCDD_002488.txt
2489,NETHERLANDS OLDEBROEK,52.38305555555556,5.916666666666667,60,indexCDD_002489.txt
2490,NETHERLANDS OLDEHOLTPADE,52.9,6.05,2,indexCDD_002490.txt
2491,NETHERLANDS ONNEN,53.15,6.666666666666667,0,indexCDD_002491.txt
2492,NETHERLANDS OOST MAARLAND,50.8,5.716666666666667,50,indexCDD_002492.txt
2493,NETHERLANDS OOST VLIELAND,53.3,5.083055555555555,6,indexCDD_002493.txt
2494,NETHERLANDS OOSTERBEEK,52.016666666666666,5.833055555555555,21,indexCDD_002494.txt
2495,NETHERLANDS OSS,51.766666666666666,5.533055555555555,4,indexCDD_002495.txt
2496,NETHERLANDS OUDEMIRDUM,52.86666666666667,5.5,1,indexCDD_002496.txt
2497,NETHERLANDS OVERVEEN,52.4,4.6,7,indexCDD_002497.txt
2498,NETHERLANDS PURMEREND,52.516666666666666,4.95,-3,indexCDD_002498.txt
2499,NETHERLANDS REKKEN,52.08305555555556,6.716666666666667,27,indexCDD_002499.txt
2500,NETHERLANDS REUVER,51.283055555555556,6.083055555555555,27,indexCDD_002500.txt
2501,NETHERLANDS RHEEZERVEEN,52.56666666666667,6.566666666666666,8,indexCDD_002501.txt
2502,NETHERLANDS RILLAND,51.416666666666664,4.183055555555556,1,indexCDD_002502.txt
2503,NETHERLANDS RITTHEM,51.46666666666667,3.6166666666666667,1,indexCDD_002503.txt
2504,NETHERLANDS ROODESCHOOL,53.433055555555555,6.783055555555555,2,indexCDD_002504.txt
2505,NETHERLANDS ROUVEEN,52.61666666666667,6.183055555555556,1,indexCDD_002505.txt
2506,NETHERLANDS RUINERWOLD,52.71666666666667,6.233055555555556,2,indexCDD_002506.txt
2507,NETHERLANDS SAPPEMEER,53.166666666666664,6.733055555555556,0,indexCDD_002507.txt
2508,NETHERLANDS SCHAGEN,52.783055555555556,4.8,0,indexCDD_002508.txt
2509,NETHERLANDS SCHIERMONNIKOOG,53.48305555555556,6.183055555555556,2,indexCDD_002509.txt
2510,NETHERLANDS SCHINNEN,50.933055555555555,5.866666666666667,80,indexCDD_002510.txt
2511,NETHERLANDS SCHINVELD,50.98305555555556,5.983055555555556,55,indexCDD_002511.txt
2512,NETHERLANDS SCHOONEBEEK,52.683055555555555,6.9,13,indexCDD_002512.txt
2513,NETHERLANDS SIEBENGEWALD,51.65,6.083055555555555,16,indexCDD_002513.txt
2514,NETHERLANDS SKRINS,53.11666666666667,5.65,0,indexCDD_002514.txt
2515,NETHERLANDS SNEEK,53.033055555555556,5.633055555555556,0,indexCDD_002515.txt
2516,NETHERLANDS SOEST,52.166666666666664,5.316666666666666,4,indexCDD_002516.txt
2517,NETHERLANDS SPAKENBURG,52.25,5.4,0,indexCDD_002517.txt
2518,NETHERLANDS ST ANTHONIS,51.63305555555556,5.883055555555556,15,indexCDD_002518.txt
2519,NETHERLANDS ST KRUIS,51.266666666666666,3.5,1,indexCDD_002519.txt
2521,NETHERLANDS STAVENISSE,51.58305555555556,4.016666666666667,1,indexCDD_002521.txt
2522,NETHERLANDS STEENBERGEN (NB),51.58305555555556,4.333055555555555,1,indexCDD_002522.txt
2523,NETHERLANDS STEENWIJKSMOER,52.666666666666664,6.683055555555556,9,indexCDD_002523.txt
2524,NETHERLANDS STEIN (L),50.96666666666667,5.75,22,indexCDD_002524.txt
2525,NETHERLANDS STRAMPROY,51.183055555555555,5.716666666666667,31,indexCDD_002525.txt
2526,NETHERLANDS STRIJEN,51.766666666666666,4.583055555555555,-1,indexCDD_002526.txt
2527,NETHERLANDS TERNEUZEN,51.3,3.8666666666666667,2,indexCDD_002527.txt
2529,NETHERLANDS TILBURG,51.56666666666667,5.133055555555555,11,indexCDD_002529.txt
2530,NETHERLANDS TUBBERGEN,52.4,6.783055555555555,27,indexCDD_002530.txt
2531,NETHERLANDS UBACHSBERG,50.85,5.916666666666667,175,indexCDD_002531.txt
2532,NETHERLANDS UITHUIZEN,53.4,6.666666666666667,1,indexCDD_002532.txt
2533,NETHERLANDS VAALS,50.783055555555556,6.0,180,indexCDD_002533.txt
2534,NETHERLANDS VAASSEN,52.283055555555556,5.966666666666667,13,indexCDD_002534.txt
2535,NETHERLANDS VEENDAM,53.1,6.833055555555555,2,indexCDD_002535.txt
2536,NETHERLANDS VEENENDAAL,52.033055555555556,5.6,6,indexCDD_002536.txt
2537,NETHERLANDS VEENHUIZEN (D),53.05,6.4,7,indexCDD_002537.txt
2538,NETHERLANDS VENRAY,51.516666666666666,6.0,22,indexCDD_002538.txt
2539,NETHERLANDS VILSTEREN,52.533055555555556,6.35,4,indexCDD_002539.txt
2540,NETHERLANDS VLEUTEN,52.08305555555556,5.0,0,indexCDD_002540.txt
2541,NETHERLANDS VOORSCHOTEN,52.13305555555556,4.433055555555556,-6,indexCDD_002541.txt
2542,NETHERLANDS VOORTHUIZEN,52.183055555555555,5.616666666666667,14,indexCDD_002542.txt
2543,NETHERLANDS VROOMSHOOP,52.45,6.566666666666666,8,indexCDD_002543.txt
2544,NETHERLANDS VROUWENPOLDER,51.58305555555556,3.583055555555555,16,indexCDD_002544.txt
2545,NETHERLANDS WAGENINGEN (PD),51.96666666666667,5.65,15,indexCDD_002545.txt
2546,NETHERLANDS WAPENVELD,52.433055555555555,6.083055555555555,2,indexCDD_002546.txt
2547,NETHERLANDS WEERT,51.25,5.7,32,indexCDD_002547.txt
2548,NETHERLANDS WEST BEEMSTER,52.58305555555556,4.9,-3,indexCDD_002548.txt
2549,NETHERLANDS WESTKAPELLE,51.533055555555556,3.45,1,indexCDD_002549.txt
2550,NETHERLANDS WIJK BIJ DUURSTEDE,51.96666666666667,5.316666666666666,6,indexCDD_002550.txt
2551,NETHERLANDS WINSCHOTEN,53.13305555555556,7.05,0,indexCDD_002551.txt
2552,NETHERLANDS WOLPHAARTSDIJK,51.533055555555556,3.7330555555555556,1,indexCDD_002552.txt
2553,NETHERLANDS WOLTERSUM,53.266666666666666,6.716666666666667,-1,indexCDD_002553.txt
2554,NETHERLANDS WOOLD,51.916666666666664,6.733055555555556,48,indexCDD_002554.txt
2555,NETHERLANDS ZAANDAM (HEMBRUG),52.416666666666664,4.833055555555555,18,indexCDD_002555.txt
2556,NETHERLANDS ZALTBOMMEL,51.8,5.266666666666667,3,indexCDD_002556.txt
2557,NETHERLANDS ZEEWOLDE,52.38305555555556,5.366666666666666,-3,indexCDD_002557.txt
2558,NETHERLANDS ZEEWOLDE (SCHILLINKWEG),52.3,5.416666666666667,-3,indexCDD_002558.txt
2559,NETHERLANDS ZEGVELD,52.13305555555556,4.833055555555555,-2,indexCDD_002559.txt
2560,NETHERLANDS ZETTEN,51.933055555555555,5.716666666666667,8,indexCDD_002560.txt
2561,NETHERLANDS ZOETERMEER,52.06666666666667,4.533055555555555,-5,indexCDD_002561.txt
2562,NETHERLANDS ZWOLLE,52.533055555555556,6.133055555555555,2,indexCDD_002562.txt
2563,NETHERLANDS DEELEN,52.055,5.871944444444445,50,indexCDD_002563.txt
2564,NETHERLANDS EELDE-1,53.11666666666667,6.583055555555555,4,indexCDD_002564.txt
2565,NETHERLANDS HOOGEVEEN,52.74888888888889,6.573055555555555,16,indexCDD_002565.txt
2566,NETHERLANDS EINDHOVEN,51.44944444444444,5.376666666666666,23,indexCDD_002566.txt
2567,NETHERLANDS EINDHOVEN-1,51.416666666666664,5.483055555555556,18,indexCDD_002567.txt
2568,NETHERLANDS MAASTRICHT-2,50.85,5.683055555555556,126,indexCDD_002568.txt
2569,NETHERLANDS TWENTHE,52.27305555555555,6.890555555555555,33,indexCDD_002569.txt
2570,NETHERLANDS VALKENBURG,52.17027777777778,4.429166666666667,0,indexCDD_002570.txt
2571,NETHERLANDS WESTDORPE,51.224444444444444,3.8608333333333333,2,indexCDD_002571.txt
2572,NETHERLANDS WILHELMINADORP-1,51.533055555555556,3.9,2,indexCDD_002572.txt
2573,NETHERLANDS VLISSINGEN-1,51.45,3.6,8,indexCDD_002573.txt
3179,NETHERLANDS K13,53.217777777777776,3.220277777777778,38,indexCDD_003179.txt
3192,NETHERLANDS ROTTERDAM-GEULHAVEN,51.891666666666666,4.3125,4,indexCDD_003192.txt
8555,NETHERLANDS WAGENINGEN - VEENKAMPEN,51.981388888888894,5.621666666666667,5,indexCDD_008555.txt
10961,NETHERLANDS VOORSCHOTEN,52.13944444444444,4.436388888888889,-1,indexCDD_010961.txt
10964,NETHERLANDS VLIELAND_1,53.25666666666667,4.973055555555556,1,indexCDD_010964.txt
10965,NETHERLANDS STAVOREN_1,52.885555555555555,5.358055555555556,1,indexCDD_010965.txt
10966,NETHERLANDS LEEUWARDEN_1,53.220555555555556,5.754166666666666,2,indexCDD_010966.txt
10967,NETHERLANDS WIJK_AAN_ZEE_1,52.49305555555556,4.614166666666667,6,indexCDD_010967.txt
10968,NETHERLANDS MARKNESSE_1,52.70416666666667,5.89,-3,indexCDD_010968.txt
10969,NETHERLANDS HEINO_1,52.43666666666666,6.263055555555556,5,indexCDD_010969.txt
10970,NETHERLANDS LELYSTAD_(EENDENWEG),52.45305555555556,5.5280555555555555,-4,indexCDD_010970.txt
10971,NETHERLANDS RDAM-WAALHAVEN,51.893055555555556,4.423055555555556,4,indexCDD_010971.txt
10972,NETHERLANDS HOEK_VAN_HOLLAND_1,51.98527777777778,4.148055555555556,1,indexCDD_010972.txt
10973,NETHERLANDS KRIMPEN_AAN_DE_LEK,51.895833333333336,4.615555555555555,-2,indexCDD_010973.txt
10974,NETHERLANDS HUPSEL_1,52.06805555555556,6.64,26,indexCDD_010974.txt
10975,NETHERLANDS HERWIJNEN_1,51.82277777777778,5.152500000000001,1,indexCDD_010975.txt
10976,NETHERLANDS GILZE-RIJEN_1,51.56777777777778,4.933055555555556,14,indexCDD_010976.txt
10977,NETHERLANDS VOLKEL_1,51.658055555555556,5.706388888888889,21,indexCDD_010977.txt
10978,NETHERLANDS ARCEN_1,51.48305555555556,6.183888888888889,19,indexCDD_010978.txt
10979,NETHERLANDS WAALRE,51.416666666666664,5.48,18,indexCDD_010979.txt
10980,NETHERLANDS KESSEL-EIK,51.283055555555556,6.016666666666667,26,indexCDD_010980.txt
19205,NETHERLANDS LEMMER,52.847500000000004,5.679166666666667,7,indexCDD_019205.txt
19206,NETHERLANDS UTRECHT,52.08305555555556,5.133055555555555,3,indexCDD_019206.txt
19207,NETHERLANDS VELP,51.98305555555556,5.983055555555556,13,indexCDD_019207.txt
19208,NETHERLANDS HEUSDEN,51.736666666666665,5.145555555555556,14,indexCDD_019208.txt
20469,NETHERLANDS 'S-HERTOGENBOSCH,51.6975,5.305,3,indexCDD_020469.txt
20470,NETHERLANDS AALSUM BIJ DOKKUM,53.323055555555555,6.202500000000001,1,indexCDD_020470.txt
20471,NETHERLANDS AARDENBURG,51.288888888888884,5.9752777777777775,3,indexCDD_020471.txt
20472,NETHERLANDS AKKRUM,53.46944444444445,5.8275,0,indexCDD_020472.txt
20473,NETHERLANDS ALKMAAR,52.63055555555555,4.722777777777778,1,indexCDD_020473.txt
20474,NETHERLANDS AMERSFOORT,52.155,5.390555555555556,5,indexCDD_020474.txt
20475,NETHERLANDS AMSTERDAM ANWI (FIL),52.370555555555555,4.919166666666667,-100,indexCDD_020475.txt
20476,NETHERLANDS ANDIJK,52.74638888888889,5.221666666666667,-2,indexCDD_020476.txt
20478,NETHERLANDS BAKEL (DE RIPS),51.5,5.783055555555555,-100,indexCDD_020478.txt
20479,NETHERLANDS BAKKUM,52.55555555555555,4.635833333333333,3,indexCDD_020479.txt
20480,NETHERLANDS BALINGE,52.81166666666666,6.630555555555556,-100,indexCDD_020480.txt
20481,NETHERLANDS BATHMEN,52.25138888888889,6.298333333333333,9,indexCDD_020481.txt
20482,NETHERLANDS BEETSTERZWAAG,53.99916666666667,5.948888888888889,-1,indexCDD_020482.txt
20483,NETHERLANDS BEMMELENHOEVE VAN PROF.,52.783055555555556,5.05,-100,indexCDD_020483.txt
20484,NETHERLANDS BENNEBROEK,52.31666666666667,4.588055555555555,-100,indexCDD_020484.txt
20486,NETHERLANDS BODEGRAVEN,52.07805555555556,4.730555555555556,-100,indexCDD_020486.txt
20487,NETHERLANDS BOORNBERGUM FR,53.84583333333334,6.458888888888889,1,indexCDD_020487.txt
20488,NETHERLANDS BORNE,52.300555555555555,6.7675,-100,indexCDD_020488.txt
20489,NETHERLANDS BOVENKARSPEL,52.68805555555555,5.230555555555556,-2,indexCDD_020489.txt
20490,NETHERLANDS BREDA (II E18),51.59055555555556,4.776388888888889,4,indexCDD_020490.txt
20491,NETHERLANDS BREDA (III E18),51.59055555555556,4.776388888888889,4,indexCDD_020491.txt
20492,NETHERLANDS BRESKENS (OUD),51.39555555555555,3.5691666666666664,-100,indexCDD_020492.txt
20493,NETHERLANDS BROEK OP LANGEDIJK,52.674166666666665,4.805,-1,indexCDD_020493.txt
20494,NETHERLANDS BRUINISSE,51.659166666666664,4.0938888888888885,-100,indexCDD_020494.txt
20495,NETHERLANDS BUINERVEEN,52.93555555555555,6.880833333333334,8,indexCDD_020495.txt
20496,NETHERLANDS BUREN (BETUWE),51.90888888888889,5.335277777777778,-100,indexCDD_020496.txt
20497,NETHERLANDS BUSSUM,52.26277777777778,5.163055555555556,10,indexCDD_020497.txt
20498,NETHERLANDS CADZAND,51.37444444444444,3.3827777777777777,5,indexCDD_020498.txt
20499,NETHERLANDS COEVORDEN,52.658055555555556,6.770555555555555,-100,indexCDD_020499.txt
20501,NETHERLANDS CRAUBEEK,50.8775,5.902500000000001,100,indexCDD_020501.txt
20502,NETHERLANDS DALMSHOLTE,52.47805555555556,6.3475,-100,indexCDD_020502.txt
20503,NETHERLANDS DE WIJK DR,52.680277777777775,6.286666666666666,-100,indexCDD_020503.txt
20504,NETHERLANDS DEIL,51.8875,5.245,3,indexCDD_020504.txt
20505,NETHERLANDS DELLE,52.401666666666664,5.9752777777777775,25,indexCDD_020505.txt
20506,NETHERLANDS DEN HULST OV,52.31805555555556,6.945555555555556,-100,indexCDD_020506.txt
20507,NETHERLANDS DEVENTER,52.26305555555555,6.172777777777778,65,indexCDD_020507.txt
20508,NETHERLANDS DOORN (KASTEEL),52.0325,5.339166666666666,-100,indexCDD_020508.txt
20509,NETHERLANDS DORDRECHT,51.812777777777775,4.678055555555556,-100,indexCDD_020509.txt
20510,NETHERLANDS DREISCHOR,51.69166666666666,3.9875000000000003,-100,indexCDD_020510.txt
20511,NETHERLANDS DRIEBERGEN,52.06666666666667,5.283055555555555,-100,indexCDD_020511.txt
20512,NETHERLANDS DUINDAG BIJ DEN HAAG,52.11805555555556,4.308055555555556,-100,indexCDD_020512.txt
20513,NETHERLANDS EETHEN,51.731388888888894,5.051666666666667,-100,indexCDD_020513.txt
20514,NETHERLANDS ELST (UTRECHT),51.916666666666664,5.866666666666667,-100,indexCDD_020514.txt
20515,NETHERLANDS ENGELUM,53.22555555555556,5.7155555555555555,1,indexCDD_020515.txt
20516,NETHERLANDS ENGWIERUM,53.32194444444445,6.136388888888889,3,indexCDD_020516.txt
20517,NETHERLANDS ENTER,52.28805555555555,6.581666666666666,-100,indexCDD_020517.txt
20518,NETHERLANDS EPE (WELNA),52.356944444444444,5.905555555555556,27,indexCDD_020518.txt
20519,NETHERLANDS EPEN (OUD) L,50.783055555555556,5.9,-100,indexCDD_020519.txt
20520,NETHERLANDS ERMELO,52.283055555555556,5.633055555555556,-100,indexCDD_020520.txt
20521,NETHERLANDS FRANEKER,53.18555555555555,5.524166666666667,4,indexCDD_020521.txt
20522,NETHERLANDS GOES,51.50055555555556,3.8830555555555555,0,indexCDD_020522.txt
20523,NETHERLANDS GRAVENZANDE 'S,52.01555555555556,4.158055555555556,-100,indexCDD_020523.txt
20524,NETHERLANDS GROEDE,51.378055555555555,3.5080555555555555,1,indexCDD_020524.txt
20525,NETHERLANDS GROSTHUIZEN,52.614444444444445,4.975555555555555,-3,indexCDD_020525.txt
20526,NETHERLANDS HAAMSTEDE (VUURTOREN),51.7,3.7,-100,indexCDD_020526.txt
20527,NETHERLANDS HALLUM FR,53.3,5.774166666666667,1,indexCDD_020527.txt
20528,NETHERLANDS HARREVELD,51.97888888888889,6.515,19,indexCDD_020528.txt
20529,NETHERLANDS HATERT,51.8,5.833055555555555,-100,indexCDD_020529.txt
20530,NETHERLANDS HATTEM,52.45,6.066666666666666,-100,indexCDD_020530.txt
20531,NETHERLANDS HEERENBERG 'S,51.87916666666667,6.241666666666667,-100,indexCDD_020531.txt
20532,NETHERLANDS HEERENVEEN,52.961666666666666,5.920277777777778,0,indexCDD_020532.txt
20534,NETHERLANDS HELENAVEEN,51.393055555555556,5.906388888888889,-100,indexCDD_020534.txt
20535,NETHERLANDS HELLEVOETSLUIS,51.83027777777778,4.118055555555555,-100,indexCDD_020535.txt
20536,NETHERLANDS HEMBRUG,52.41888888888889,4.8275,2,indexCDD_020536.txt
20537,NETHERLANDS HIEN,51.91027777777778,5.665,6,indexCDD_020537.txt
20538,NETHERLANDS HILVERSUM,52.21555555555556,5.150277777777778,-100,indexCDD_020538.txt
20539,NETHERLANDS HOENDERLOO,52.1,5.9,-100,indexCDD_020539.txt
20540,NETHERLANDS HOORN TERSCHELLING,53.3975,5.341666666666667,-10,indexCDD_020540.txt
20541,NETHERLANDS HORST,51.45916666666667,6.610833333333333,24,indexCDD_020541.txt
20542,NETHERLANDS IJMUIDEN,52.461666666666666,4.5825,0,indexCDD_020542.txt
20543,NETHERLANDS IJZENDIJKE,51.33166666666667,3.615277777777778,-100,indexCDD_020543.txt
20544,NETHERLANDS KADIJK BIJ TERWOLDE,52.26444444444444,6.637499999999999,3,indexCDD_020544.txt
20545,NETHERLANDS KAMPEN,52.57805555555556,5.858055555555556,-100,indexCDD_020545.txt
20546,NETHERLANDS KAMPEREILAND,52.58527777777778,5.890555555555555,0,indexCDD_020546.txt
20547,NETHERLANDS KILDER (GEM. BERGH),51.93694444444444,6.230833333333334,16,indexCDD_020547.txt
20548,NETHERLANDS KOEDIJK,52.65,4.75,-100,indexCDD_020548.txt
20549,NETHERLANDS KOOTWIJK,52.166666666666664,5.783055555555555,-100,indexCDD_020549.txt
20550,NETHERLANDS KRAGGENBURG,52.67055555555555,5.931388888888889,5,indexCDD_020550.txt
20551,NETHERLANDS LAGE ZWALUWE,51.7,4.65,-100,indexCDD_020551.txt
20552,NETHERLANDS LEERSUM,52.13666666666666,5.428055555555556,10,indexCDD_020552.txt
20553,NETHERLANDS LEEUWARDEN,53.2025,5.8005555555555555,1,indexCDD_020553.txt
20554,NETHERLANDS LELYSTAD,52.5,5.416666666666667,-100,indexCDD_020554.txt
20555,NETHERLANDS LEMMER TACOZIJL,52.847500000000004,5.679166666666667,-6,indexCDD_020555.txt
20556,NETHERLANDS LOBITH,51.861666666666665,6.119166666666667,15,indexCDD_020556.txt
20557,NETHERLANDS LOTTUM,51.46138888888889,6.1641666666666675,-100,indexCDD_020557.txt
20558,NETHERLANDS MAASTRICHT (HELMSTRAAT),50.83305555555556,5.683055555555556,-100,indexCDD_020558.txt
20559,NETHERLANDS MANDER,52.46,6.835555555555556,38,indexCDD_020559.txt
20560,NETHERLANDS MARKEN (OUD),52.45916666666667,5.1,8,indexCDD_020560.txt
20561,NETHERLANDS MEPPEL,52.67916666666667,6.184166666666667,-100,indexCDD_020561.txt
20562,NETHERLANDS MIDSLAND,53.36666666666667,5.283055555555555,-100,indexCDD_020562.txt
20563,NETHERLANDS NAALDWIJK,51.98777777777778,4.206666666666667,7,indexCDD_020563.txt
20564,NETHERLANDS NIEUW BEERTA,53.190555555555555,7.158055555555556,-10,indexCDD_020564.txt
20565,NETHERLANDS NIEUW EN SINT JOOSTLAND,51.46666666666667,3.6830555555555553,-100,indexCDD_020565.txt
20567,NETHERLANDS NIEUWVEEN ZH,52.20305555555556,4.763055555555556,-100,indexCDD_020567.txt
20568,NETHERLANDS NIEUWVLIET,51.3725,3.471388888888889,2,indexCDD_020568.txt
20569,NETHERLANDS NIJBROEK,52.283055555555556,6.083055555555555,-100,indexCDD_020569.txt
20572,NETHERLANDS NUNSPEET,52.38,5.781666666666666,6,indexCDD_020572.txt
20573,NETHERLANDS OBDAM (OUD),52.666666666666664,4.933055555555556,-100,indexCDD_020573.txt
20574,NETHERLANDS OLDEBROEK (DORP),52.440555555555555,5.902500000000001,-100,indexCDD_020574.txt
20575,NETHERLANDS OLDENZAAL,52.308055555555555,6.923055555555556,-100,indexCDD_020575.txt
20576,NETHERLANDS OOSTDIJK BIJ OUDDORP,51.82944444444445,3.964166666666667,3,indexCDD_020576.txt
20577,NETHERLANDS OOSTERLAND,52.9325,5.983055555555556,1,indexCDD_020577.txt
20578,NETHERLANDS OOSTKAPELLE,51.56305555555555,3.551388888888889,-100,indexCDD_020578.txt
20579,NETHERLANDS ORANJE NASSAU'S OORD/RENK,51.96666666666667,5.716666666666667,-100,indexCDD_020579.txt
20580,NETHERLANDS OSSENISSE,51.38944444444444,3.9805555555555556,0,indexCDD_020580.txt
20581,NETHERLANDS OTERDUM,53.31166666666666,6.9975000000000005,1,indexCDD_020581.txt
20582,NETHERLANDS OUD-ADE,52.19277777777778,4.565555555555555,-100,indexCDD_020582.txt
20583,NETHERLANDS OUD-BEIJERLAND,51.8,4.466666666666667,-100,indexCDD_020583.txt
20584,NETHERLANDS OUD-HEUSDEN,51.72527777777778,5.128055555555555,-100,indexCDD_020584.txt
20585,NETHERLANDS OUDESCHOOT,52.933055555555555,5.9750000000000005,1,indexCDD_020585.txt
20586,NETHERLANDS OUDORP,52.60916666666667,4.774444444444445,1,indexCDD_020586.txt
20587,NETHERLANDS POORTVLIET,51.56027777777778,4.154166666666667,0,indexCDD_020587.txt
20588,NETHERLANDS R'DAM-WESTERKADE,51.89555555555555,4.483055555555556,-100,indexCDD_020588.txt
20589,NETHERLANDS RIJSWIJK GLD,51.96,5.354166666666666,4,indexCDD_020589.txt
20590,NETHERLANDS RIJSWIJK ZH,52.06166666666666,4.351666666666667,-100,indexCDD_020590.txt
20591,NETHERLANDS ROCKANJE,51.91555555555556,4.8438888888888885,2,indexCDD_020591.txt
20593,NETHERLANDS ROTTERDAM (BLIJDORP),51.92527777777777,4.451666666666667,-1,indexCDD_020593.txt
20594,NETHERLANDS ROTTERDAM KEILEHAVEN,51.9,4.433055555555556,-100,indexCDD_020594.txt
20595,NETHERLANDS ROTTUM FR,52.931666666666665,5.881388888888889,-1,indexCDD_020595.txt
20596,NETHERLANDS RUINEN,52.76888888888889,6.3405555555555555,-100,indexCDD_020596.txt
20597,NETHERLANDS SASSENHEIM,52.220555555555556,4.557777777777778,-41,indexCDD_020597.txt
20598,NETHERLANDS SCHEEMDA,53.166666666666664,6.966666666666667,-100,indexCDD_020598.txt
20599,NETHERLANDS SCHERMERHORN,52.6,4.9,-100,indexCDD_020599.txt
20601,NETHERLANDS SCHOORL,52.69916666666666,4.693333333333333,10,indexCDD_020601.txt
20602,NETHERLANDS SINT JACOBIPAROCHIE,53.27388888888889,5.603055555555555,-1,indexCDD_020602.txt
20603,NETHERLANDS SINT JANSTEEN,51.260555555555555,4.493055555555555,2,indexCDD_020603.txt
20604,NETHERLANDS SITTARD,51.0,5.846388888888889,-100,indexCDD_020604.txt
20605,NETHERLANDS SLEEUWIJK,51.816944444444445,4.949166666666667,0,indexCDD_020605.txt
20606,NETHERLANDS SLIJK-EWIJK,51.885555555555555,5.791388888888889,-100,indexCDD_020606.txt
20607,NETHERLANDS SLUIS,51.306666666666665,3.3905555555555553,-100,indexCDD_020607.txt
20608,NETHERLANDS SOESTERBERG,52.12916666666667,5.279166666666667,119,indexCDD_020608.txt
20609,NETHERLANDS SPIJK GR,53.38916666666667,6.845555555555555,1,indexCDD_020609.txt
20610,NETHERLANDS SPIJKENISSE,51.845555555555556,4.328055555555555,-100,indexCDD_020610.txt
20611,NETHERLANDS ST ANNALAND,51.595555555555556,4.079166666666667,10,indexCDD_020611.txt
20612,NETHERLANDS STAPHORST,52.64805555555556,6.216666666666667,1,indexCDD_020612.txt
20613,NETHERLANDS SUSTEREN,51.638888888888886,5.848055555555555,30,indexCDD_020613.txt
20614,NETHERLANDS TEN BOER,53.26416666666667,6.675000000000001,-1,indexCDD_020614.txt
20615,NETHERLANDS TER IDZARD,52.91638888888889,6.344166666666666,-1,indexCDD_020615.txt
20616,NETHERLANDS TEXEL (WESTERMIENT),53.659166666666664,4.7652777777777775,1,indexCDD_020616.txt
20617,NETHERLANDS ULRUM,53.388888888888886,6.305555555555555,13,indexCDD_020617.txt
20618,NETHERLANDS URK,52.658055555555556,5.603055555555555,-100,indexCDD_020618.txt
20619,NETHERLANDS URK,52.666666666666664,5.6,-100,indexCDD_020619.txt
20620,NETHERLANDS VARSSEVELD,51.94638888888888,6.455277777777778,-100,indexCDD_020620.txt
20621,NETHERLANDS VASSE,52.43388888888889,6.833055555555555,36,indexCDD_020621.txt
20622,NETHERLANDS VELDHOVEN,51.41416666666667,5.416388888888889,-100,indexCDD_020622.txt
20624,NETHERLANDS VELSEN,52.47,4.641666666666667,3,indexCDD_020624.txt
20625,NETHERLANDS VENRAY (OUD),51.533055555555556,5.8,-100,indexCDD_020625.txt
20626,NETHERLANDS VLAARDINGEN,51.9,4.333055555555555,-100,indexCDD_020626.txt
20627,NETHERLANDS VOORSCHOTEN,52.11666666666667,4.45,-100,indexCDD_020627.txt
20628,NETHERLANDS VUGHT,51.65888888888889,5.308055555555556,-100,indexCDD_020628.txt
20629,NETHERLANDS WAALWIJK,51.69555555555555,5.069166666666667,-100,indexCDD_020629.txt
20630,NETHERLANDS WAGENINGEN,51.97,5.656666666666667,7,indexCDD_020630.txt
20632,NETHERLANDS WARNSVELD,52.15,6.233055555555556,-100,indexCDD_020632.txt
20633,NETHERLANDS WASSENAAR,52.1475,4.393055555555556,5,indexCDD_020633.txt
20634,NETHERLANDS WASSENAAR-WEST,52.1475,4.393055555555556,-100,indexCDD_020634.txt
20635,NETHERLANDS WEHL,51.962500000000006,6.210833333333333,14,indexCDD_020635.txt
20636,NETHERLANDS WEMELDINGE,51.5175,3.9855555555555555,-100,indexCDD_020636.txt
20637,NETHERLANDS WERKENDAM,51.808055555555555,4.894166666666666,-100,indexCDD_020637.txt
20638,NETHERLANDS WESTERSCHOUWEN,51.675,3.723055555555556,-100,indexCDD_020638.txt
20639,NETHERLANDS WESTFRIESESLUIS,52.766666666666666,4.916666666666667,-100,indexCDD_020639.txt
20640,NETHERLANDS WIERINGEN,52.879444444444445,4.985,0,indexCDD_020640.txt
20641,NETHERLANDS WIERINGERWERF,52.85805555555556,5.045277777777778,-100,indexCDD_020641.txt
20642,NETHERLANDS WIJSTER,52.8,6.5,-100,indexCDD_020642.txt
20644,NETHERLANDS WITMARSUM,53.111666666666665,6.101666666666667,-100,indexCDD_020644.txt
20645,NETHERLANDS WITTEVEEN,52.783055555555556,6.354166666666666,-100,indexCDD_020645.txt
20646,NETHERLANDS WOENSDRECHT,51.427499999999995,4.308888888888888,10,indexCDD_020646.txt
20648,NETHERLANDS ZAANDAM,52.44194444444444,4.820833333333333,0,indexCDD_020648.txt
20649,NETHERLANDS ZEIJEN,53.052499999999995,6.543055555555555,101,indexCDD_020649.txt
20650,NETHERLANDS ZEVENHUIZEN GR,53.12444444444444,6.3475,4,indexCDD_020650.txt
20651,NETHERLANDS ZIERIKZEE,51.655277777777776,3.9155555555555557,-40,indexCDD_020651.txt
20652,NETHERLANDS ZUID-SCHARWOUDE,52.696666666666665,4.823888888888889,-1,indexCDD_020652.txt
20653,NETHERLANDS ZUIDBARGE,52.75666666666667,6.9030555555555555,-100,indexCDD_020653.txt
20654,NETHERLANDS ZUIDBROEK,53.16888888888889,6.861944444444444,1,indexCDD_020654.txt
20655,NETHERLANDS ZUTPHEN,52.151666666666664,6.223055555555556,-100,indexCDD_020655.txt
